MutantID,MutantName,Category,Strain,TargetGene(s),Type,Description,Status,Creator,Timestamp,Notes,Favorite,Priority,Plasmid Used,Tn Insert Position(s),RecombinedStartGene,RecombinedEndGene,OrthologSpan_CM,RecombinedRegionNotes,SelectionMarkers,Plasmid_Complete,Transformation_Complete,Cloning_Complete,Genotyping_Complete,InVitro_Test_Complete,InVivo_Test_Complete,Sequenced?,SequencingType,In vitro Phenotype?,In vitro Notes,In vitro Data,In vivo Phenotype?,In vivo Notes,In vivo Data,Archived,StuckStage,AssignedTo,ShowInPipeline,StockLocations,SharedWith,Public,LastEdited,LastEditedBy
UWCM001,Tn::TC0206,C. muridarum,CM,TC0206,Transposon,Transposon mutant,In vivo testing,Yibing Wang,,,,,pCMC5M,"242,824",,,,,camR,1/1/2020,1/2/2020,1/3/2020,1/4/2020,,,Yes,WGS,,,,,,,,,,Yes,,,Yes,,
UWCM002,Tn::pgi,C. muridarum,CM,TC0657,Transposon,Transposon mutant,In vivo testing,Yibing Wang,,,,,pCMC5M,"785,559",,,,,camR,1/1/2020,1/2/2020,1/3/2020,1/4/2020,,,Yes,WGS,,,,,,,,,,Yes,,,Yes,,
UWCM003,Tn::TC0411,C. muridarum,CM,TC0411,Transposon,Transposon mutant,In vivo testing,Yibing Wang,,,,,pCMC5M,"472,705",,,,,camR,1/1/2020,1/2/2020,1/3/2020,1/4/2020,,,Yes,WGS,,,,,,,,,,Yes,,,Yes,,
UWCM004,Tn::gyrA2uvrA,C. muridarum,CM,"TC0031, TC0610",Transposon,Transposon mutant,In vivo testing,Yibing Wang,,,,,pCMC5M,"35408, 730561",,,,,camR,1/1/2020,1/2/2020,1/3/2020,1/4/2020,,,Yes,WGS,,,,,,,,,,Yes,,,Yes,,
UWCM005,Tn::TC0878,C. muridarum,CM,TC0878,Transposon,Transposon mutant,In vivo testing,Yibing Wang,,,,,pCMC5M,"1,018,583",,,,,camR,1/1/2020,1/2/2020,1/3/2020,1/4/2020,,,Yes,WGS,,,,,,,,,,Yes,,,Yes,,
UWCM006,Tn::IGR,C. muridarum,CM,IGR,Transposon,Transposon mutant,In vivo testing,Yibing Wang,,,,,pCMC5M,"818,430",,,,,camR,1/1/2020,1/2/2020,1/3/2020,1/4/2020,,,Yes,WGS,,,,,,,,,,Yes,,,Yes,,
UWCM007,Tn::glgBmacP,C. muridarum,CM,"TC0257, TC0431",Transposon,Transposon mutant,In vivo testing,Yibing Wang,,,,,pCMC5M,"301598, 498439",,,,,camR,1/1/2020,1/2/2020,1/3/2020,1/4/2020,,,Yes,WGS,,,,,,,,,,Yes,,,Yes,,
UWCM008,Tn::TC0259,C. muridarum,CM,TC0259,Transposon,Transposon mutant,In vivo testing,Yibing Wang,,,,,pCMC5M,"303,619",,,,,camR,1/1/2020,1/2/2020,1/3/2020,1/4/2020,,,Yes,WGS,,,,,,,,,,Yes,,,Yes,,
UWCM009,Tn::TC0189,C. muridarum,CM,TC0189,Transposon,Transposon mutant,In vivo testing,Yibing Wang,,,,,pCMC5M,"220,664",,,,,camR,1/1/2020,1/2/2020,1/3/2020,1/4/2020,,,Yes,WGS,,,,,,,,,,Yes,,,Yes,,
UWCM010,Tn::TC0305,C. muridarum,CM,TC0305,Transposon,Transposon mutant,In vivo testing,Yibing Wang,,,,,pCMC5M,"363,126",,,,,camR,1/1/2020,1/2/2020,1/3/2020,1/4/2020,,,Yes,WGS,,,,,,,,,,Yes,,,Yes,,
UWCM011,Tn::pknD,C. muridarum,CM,TC0575,Transposon,Transposon mutant,In vivo testing,Yibing Wang,,,,,pCMC5M,"687,198",,,,,camR,1/1/2020,1/2/2020,1/3/2020,1/4/2020,,,Yes,WGS,,,,,,,,,,Yes,,,Yes,,
UWCM012,Tn::pmpA,C. muridarum,CM,TC0693,Transposon,Transposon mutant,In vivo testing,Yibing Wang,,,,,pCMC5M,"827,362",,,,,camR,1/1/2020,1/2/2020,1/3/2020,1/4/2020,1/5/2020,1/5/2020,Yes,WGS,No,,,,,,,,,Yes,,,Yes,,
UWCM013,Tn::folD,C. muridarum,CM,TC0350,Transposon,Transposon mutant,In vivo testing,Yibing Wang,,,,Yes,pCMC5M,"413,657",,,,,camR,1/1/2020,1/2/2020,1/3/2020,1/4/2020,,,Yes,WGS,,,,Yes,Significantly reduced growth,,,,,Yes,,,Yes,,
UWCM014,Tn::pmpDgnd,C. muridarum,CM,"TC0197, TC0333",Transposon,Transposon mutant,In vivo testing,Yibing Wang,,,,,pCMC5M,"232911, 395719",,,,,camR,1/1/2020,1/2/2020,1/3/2020,1/4/2020,1/5/2020,1/5/2020,Yes,WGS,Yes,Reduced EB production (28 hpi),https://raw.githubusercontent.com/khybiske/ChlamAtlas/refs/heads/main/data/UWCM014_invitro.png,,,,,,,Yes,,,Yes,,
UWCM015,Tn::TC0435,C. muridarum,CM,TC0435,Transposon,Transposon mutant,In vivo testing,Yibing Wang,,,,,pCMC5M,"503,579",,,,,camR,1/1/2020,1/2/2020,1/3/2020,1/4/2020,,,Yes,WGS,,,,,,,,,,Yes,,,Yes,,
UWCM016,Tn::IGR,C. muridarum,CM,IGR,Transposon,Transposon mutant,In vivo testing,Yibing Wang,,,,,pCMC5M,"505,694",,,,,camR,1/1/2020,1/2/2020,1/3/2020,1/4/2020,,,Yes,WGS,,,,,,,,,,Yes,,,Yes,,
UWCM017,Tn::TC0473,C. muridarum,CM,TC0473,Transposon,Transposon mutant,In vivo testing,Yibing Wang,,,,,pCMC5M,"887,618",,,,,camR,1/1/2020,1/2/2020,1/3/2020,1/4/2020,,,Yes,WGS,,,,,,,,,,Yes,,,Yes,,
UWCM018,Tn::IGR,C. muridarum,CM,IGR,Transposon,Transposon mutant,In vivo testing,Yibing Wang,,,,,pCMC5M,"1,065,355",,,,,camR,1/1/2020,1/2/2020,1/3/2020,1/4/2020,,,Yes,WGS,,,,,,,,,,Yes,,,Yes,,
UWCM019,Tn::pmpI,C. muridarum,CM,TC0267,Transposon,Transposon mutant,In vivo testing,Yibing Wang,,,,,pCMC5M,"319,531",,,,,camR,1/1/2020,1/2/2020,1/3/2020,1/4/2020,1/5/2020,1/5/2020,Yes,WGS,Yes,Greatly reduced EB production (28 hpi),https://raw.githubusercontent.com/khybiske/ChlamAtlas/refs/heads/main/data/UWCM019_invitro.png,,,,,,,Yes,,,Yes,,
UWCM020,Tn::IGR,C. muridarum,CM,IGR,Transposon,Transposon mutant,In vivo testing,Yibing Wang,,,,,pCMC5M,"94,501",,,,,camR,1/1/2020,1/2/2020,1/3/2020,1/4/2020,,,Yes,WGS,,,,,,,,,,Yes,,,Yes,,
UWCM021,Tn::IGR,C. muridarum,CM,IGR,Transposon,Transposon mutant,In vivo testing,Yibing Wang,,,,,pCMC5M,"26,638",,,,,camR,1/1/2020,1/2/2020,1/3/2020,1/4/2020,,,Yes,WGS,,,,,,,,,,Yes,,,Yes,,
UWCM022,Tn::TC0306,C. muridarum,CM,TC0306,Transposon,Transposon mutant,In vivo testing,Yibing Wang,,,,,pCMC5M,"363,601",,,,,camR,1/1/2020,1/2/2020,1/3/2020,1/4/2020,,,Yes,WGS,,,,,,,,,,Yes,,,Yes,,
UWCM023,Tn::ctx2,C. muridarum,CM,TC0438,Transposon,Transposon mutant,In vivo testing,Yibing Wang,,,,,pCMC5M,"524741, 1001585",,,,,camR,1/1/2020,1/2/2020,1/3/2020,1/4/2020,,,Yes,WGS,,,,,,,,,,Yes,,,Yes,,
UWCM024,"Tn::ribF,truB",C. muridarum,CM,TC0368,Transposon,Transposon mutant,In vivo testing,Yibing Wang,,,,,pCMC5M,"429,854",,,,,camR,1/1/2020,1/2/2020,1/3/2020,1/4/2020,,,Yes,WGS,,,,,,,,,,Yes,,,Yes,,
UWCM025,Tn::TC0606,C. muridarum,CM,TC0606,Transposon,Transposon mutant,In vivo testing,Yibing Wang,,,,,pCMC5M,"726,016",,,,,camR,1/1/2020,1/2/2020,1/3/2020,1/4/2020,,,Yes,WGS,,,,,,,,,,Yes,,,Yes,,
UWCM026,Tn::rmuC,C. muridarum,CM,TC0212,Transposon,Transposon mutant,In vivo testing,Yibing Wang,,,,,pCMC5M,"251,258",,,,,camR,1/1/2020,1/2/2020,1/3/2020,1/4/2020,,,Yes,WGS,,,,,,,,,,Yes,,,Yes,,
UWCM027,Tn::glgB,C. muridarum,CM,TC0257,Transposon,Transposon mutant,In vivo testing,Yibing Wang,,,,,pCMC5M,"301,598",,,,,camR,1/1/2020,1/2/2020,1/3/2020,1/4/2020,1/5/2020,1/5/2020,Yes,WGS,Yes,No glycogen accumulation inside inclusions,https://raw.githubusercontent.com/khybiske/ChlamAtlas/refs/heads/main/data/UWCM027_invitro.png,,,,,,,Yes,,,Yes,,
UWCM028,Tn::IGR,C. muridarum,CM,IGR,Transposon,Transposon mutant,In vivo testing,Yibing Wang,,,,,pCMC5M,"1,006,942",,,,,camR,1/1/2020,1/2/2020,1/3/2020,1/4/2020,,,Yes,WGS,,,,,,,,,,Yes,,,Yes,,
UWCM029,Tn::CDS6,C. muridarum,CM,TCA06,Transposon,Transposon mutant,In vivo testing,Yibing Wang,,,,,pCMC5M,p-4770,,,,,camR,1/1/2020,1/2/2020,1/3/2020,1/4/2020,,,Yes,WGS,,,,,,,,,,Yes,,,Yes,,
UWCM030,Tn::TC0530,C. muridarum,CM,TC0530,Transposon,Transposon mutant,In vivo testing,Yibing Wang,,,,Yes,pCMC5M,"641,212",,,,,camR,1/1/2020,1/2/2020,1/3/2020,1/4/2020,,1/5/2020,Yes,WGS,,,,Yes,Growth reduction,,,,,Yes,,,Yes,,
UWCM031,Tn::recD,C. muridarum,CM,TC0302,Transposon,Transposon mutant,In vivo testing,Yibing Wang,,,,,pCMC5M,"358,972",,,,,camR,1/1/2020,1/2/2020,1/3/2020,1/4/2020,,,Yes,WGS,,,,,,,,,,Yes,,,Yes,,
UWCM032,Tn::mip,C. muridarum,CM,TC0828,Transposon,Transposon mutant,In vivo testing,Yibing Wang,,,,,pCMC5M,"959,708",,,,,camR,1/1/2020,1/2/2020,1/3/2020,1/4/2020,,1/5/2020,Yes,WGS,,,,Yes,Significantly reduced growth,,,,,Yes,,,Yes,,
UWCM033,Tn::TC0075,C. muridarum,CM,TC0075,Transposon,Transposon mutant,In vivo testing,Yibing Wang,,,,Yes,pCMC5M,"87,859",,,,,camR,1/1/2020,1/2/2020,1/3/2020,1/4/2020,,,Yes,WGS,,,,,,,,,,Yes,,,Yes,,
UWCM034,Tn::pmpE_TC0303_TC0312,C. muridarum,CM,"TC0303, TC0312, TC0261",Transposon,Transposon mutant,In vivo testing,Yibing Wang,,,,,pCMC5M,"361954, 369300, 307516",,,,,camR,1/1/2020,1/2/2020,1/3/2020,1/4/2020,,,Yes,WGS,,,,,,,,,,Yes,,,Yes,,
UWCM035,Tn::ompBsucD,C. muridarum,CM,"TC0209, TC0086",Transposon,Transposon mutant,In vivo testing,Yibing Wang,,,,,pCMC5M,"245764, 105013",,,,,camR,1/1/2020,1/2/2020,1/3/2020,1/4/2020,,,Yes,WGS,,,,,,,,,,Yes,,,Yes,,
UWCM036,Tn::ctx1_TC0556,C. muridarum,CM,"TC0438, TC0556",Transposon,Transposon mutant,In vivo testing,Yibing Wang,,,,,pCMC5M,"520491, 663559",,,,,camR,1/1/2020,1/2/2020,1/3/2020,1/4/2020,,,Yes,WGS,,,,,,,,,,Yes,,,Yes,,
UWCM037,Tn::pmpD,C. muridarum,CM,TC0197,Transposon,Transposon mutant,In vivo testing,Yibing Wang,,,,,pCMC5M,"233834, 234222",,,,,camR,1/1/2020,1/2/2020,1/3/2020,1/4/2020,,,Yes,WGS,,,,,,,,,,Yes,,,Yes,,
UWCM038,Tn::TC0155,C. muridarum,CM,TC0155,Transposon,Transposon mutant,In vivo testing,Yibing Wang,,,,,pCMC5M,"187,255",,,,,camR,1/1/2020,1/2/2020,1/3/2020,1/4/2020,,,Yes,WGS,,,,,,,,,,Yes,,,Yes,,
L2tet_102,Tn::uvrA,C. trachomatis,L2434,CTL0587,Transposon,Transposon mutant,Archived,Bob Suchland,,,,,pCMC5M,698568*,,,,,camR,,,,,,,Yes,PCR,,,,,,,Yes,In Vivo Testing,,Yes,"UW (Kevin) , UW (Boblab)",,No,7/15/2025 13:33:45,Kevin Hybiske
L2tet_125,Tn::rsmAksgA,C. trachomatis,L2434,CTL0608,Transposon,Transposon mutant,Archived,Bob Suchland,,,,,pCMC5M,"723,678",,,,,camR,,,,,,,Yes,PCR,,,,,,,Yes,,,No,,,No,,
L2tet_103,Tn::CTL0610,C. trachomatis,L2434,CTL0610,Transposon,Transposon mutant,Archived,Bob Suchland,,,,,pCMC5M,727541*,,,,,tetR,,,,,,,Yes,PCR,,,,,,,Yes,,,No,,,No,,
L2tet_126,Tn::mdh,C. trachomatis,L2434,CTL0630,Transposon,Transposon mutant,Archived,Bob Suchland,,,,,pCMC5M,"748,484",,,,,camR,,,,,,,Yes,PCR,,,,,,,Yes,,,No,,,No,,
L2tet_122,Tn::CTL0743,C. trachomatis,L2434,CTL0743,Transposon,Transposon mutant,Archived,Bob Suchland,,,,,pCMC5M,"877,982",,,,,camR,,,,,,,Yes,PCR,,,,,,,Yes,,,No,,,No,,
L2tet_104,Tn::cutElnt,C. trachomatis,L2434,CTL0796,Transposon,Transposon mutant,Archived,Bob Suchland,,,,,pCMC5M,926426*,,,,,camR,,,,,,,Yes,PCR,,,,,,,Yes,,,No,,,No,,
L2tet_119,Tn::pkn5,C. trachomatis,L2434,CTL0042,Transposon,Transposon mutant,Archived,Bob Suchland,,,,,pCMC5M,"49,286",,,,,camR,,,,,,,Yes,PCR,,,,,,,Yes,,,No,,,No,,
L2tet_121,Tn::CTL0113,C. trachomatis,L2434,CTL0113,Transposon,Transposon mutant,Archived,Bob Suchland,,,,,pCMC5M,"144,557",,,,,camR,,,,,,,Yes,PCR,,,,,,,Yes,,,No,,,No,,
KUCT0001,CDS3::Tn,C. trachomatis,L2434,pL2-03,Transposon,Transposon mutant,Archived,Scott LaBrie,,,,,pCMA,p-2715,,,,,ampR,1/1/2019,1/2/2019,1/3/2019,1/4/2019,1/5/2019,,Yes,WGS,,,,,,,Yes,,,No,,,Yes,,
KUCT0002,CDS4::Tn,C. trachomatis,L2434,pL2-04,Transposon,Transposon mutant,Archived,Scott LaBrie,,,,,pCMA,p-2715,,,,,ampR,1/1/2019,1/2/2019,1/3/2019,1/4/2019,1/5/2019,,Yes,WGS,,,,,,,Yes,,,No,,,Yes,,
KUCT0003,CDS5::Tn,C. trachomatis,L2434,pL2-05,Transposon,Transposon mutant,Archived,Scott LaBrie,,,,,pCMA,p-1262,,,,,ampR,1/1/2019,1/2/2019,1/3/2019,1/4/2019,1/5/2019,,Yes,WGS,,,,,,,Yes,,,No,,,Yes,,
KUCT0004,CDS6::Tn,C. trachomatis,L2434,pL2-06,Transposon,Transposon mutant,Archived,Scott LaBrie,,,,,pCMA,p-460,,,,,ampR,1/1/2019,1/2/2019,1/3/2019,1/4/2019,1/5/2019,,Yes,WGS,,,,,,,Yes,,,No,,,Yes,,
KUCT0005,CDS7::Tn,C. trachomatis,L2434,pL2-07,Transposon,Transposon mutant,Archived,Scott LaBrie,,,,,pCMA,p-229,,,,,ampR,1/1/2019,1/2/2019,1/3/2019,1/4/2019,1/5/2019,,Yes,WGS,,,,,,,Yes,,,No,,,Yes,,
KUCT0006,ct015::Tn,C. trachomatis,L2434,CTL0270,Transposon,Transposon mutant,Archived,Scott LaBrie,,,,,pCMA,"338,386",,,,,ampR,1/1/2019,1/2/2019,1/3/2019,1/4/2019,1/5/2019,,Yes,WGS,Yes,Small inclusions (24 hpi),https://raw.githubusercontent.com/khybiske/ChlamAtlas/refs/heads/main/data/KUCT006_invitro.png,No,WT like growth,,Yes,,,No,,,Yes,,
KUCT0007,ct036::Tn,C. trachomatis,L2434,CTL0291,Transposon,Transposon mutant,Archived,Scott LaBrie,,,,,pCMA,"363,864",,,,,ampR,1/1/2019,1/2/2019,1/3/2019,1/4/2019,1/5/2019,,Yes,WGS,Yes,Reduced EB progeny,https://raw.githubusercontent.com/khybiske/ChlamAtlas/refs/heads/main/data/KUCT007_invitro.png,Yes,Partly reduced uterine horn burden,,Yes,,,No,,,Yes,,
KUCT0008,ct042::Tn,C. trachomatis,L2434,CTL0298,Transposon,Transposon mutant,Archived,Scott LaBrie,,,,,pCMA,"369,458",,,,,ampR,1/1/2019,1/2/2019,1/3/2019,1/4/2019,1/5/2019,,Yes,WGS,,,,,,,Yes,,,No,,,Yes,,
KUCT0009,ct054::Tn,C. trachomatis,L2434,CTL0310,Transposon,Transposon mutant,Archived,Scott LaBrie,,,,,pCMA,"385,932",,,,,ampR,1/1/2019,1/2/2019,1/3/2019,1/4/2019,1/5/2019,,Yes,WGS,,,,,,,Yes,,,No,,,Yes,,
KUCT0010,ct054::Tn,C. trachomatis,L2434,CTL0310,Transposon,Transposon mutant,Archived,Scott LaBrie,,,,,pCMA,"385,356",,,,,ampR,1/1/2019,1/2/2019,1/3/2019,1/4/2019,1/5/2019,,Yes,WGS,,,,,,,Yes,,,No,,,Yes,,
KUCT0011,ct058::Tn,C. trachomatis,L2434,CTL0314,Transposon,Transposon mutant,Archived,Scott LaBrie,,,,,pCMA,"390,466",,,,,ampR,1/1/2019,1/2/2019,1/3/2019,1/4/2019,1/5/2019,,Yes,WGS,,,,,,,Yes,,,No,,,Yes,,
KUCT0012,ct084::Tn,C. trachomatis,L2434,CTL0339,Transposon,Transposon mutant,Archived,Scott LaBrie,,,,,pCMA,"419,045",,,,,ampR,1/1/2019,1/2/2019,1/3/2019,1/4/2019,1/5/2019,,Yes,WGS,,,,,,,Yes,,,No,,,Yes,,
KUCT0013,ct088::Tn,C. trachomatis,L2434,CTL0343,Transposon,Transposon mutant,Archived,Scott LaBrie,,,,,pCMA,"423,934",,,,,ampR,1/1/2019,1/2/2019,1/3/2019,1/4/2019,1/5/2019,,Yes,WGS,,,,,,,Yes,,,No,,,Yes,,
KUCT0014,ct106::Tn,C. trachomatis,L2434,CTL0361,Transposon,Transposon mutant,Archived,Scott LaBrie,,,,,pCMA,"445,244",,,,,ampR,1/1/2019,1/2/2019,1/3/2019,1/4/2019,1/5/2019,,Yes,WGS,,,,,,,Yes,,,No,,,Yes,,
KUCT0015,ct107::Tn,C. trachomatis,L2434,CTL0362,Transposon,Transposon mutant,Archived,Scott LaBrie,,,,,pCMA,"447,004",,,,,ampR,1/1/2019,1/2/2019,1/3/2019,1/4/2019,1/5/2019,,Yes,WGS,,,,,,,Yes,,,No,,,Yes,,
KUCT0016,ct112::Tn,C. trachomatis,L2434,CTL0367,Transposon,Transposon mutant,Archived,Scott LaBrie,,,,,pCMA,"450,974",,,,,ampR,1/1/2019,1/2/2019,1/3/2019,1/4/2019,1/5/2019,,Yes,WGS,,,,,,,Yes,,,No,,,Yes,,
KUCT0017,ct139::Tn,C. trachomatis,L2434,CTL0394,Transposon,Transposon mutant,Archived,Scott LaBrie,,,,,pCMA,"479,190",,,,,ampR,1/1/2019,1/2/2019,1/3/2019,1/4/2019,1/5/2019,,Yes,WGS,,,,,,,Yes,,,No,,,Yes,,
KUCT0018,ct143::Tn,C. trachomatis,L2434,CTL0398,Transposon,Transposon mutant,Archived,Scott LaBrie,,,,,pCMA,"482,984",,,,,ampR,1/1/2019,1/2/2019,1/3/2019,1/4/2019,1/5/2019,,Yes,WGS,,,,,,,Yes,,,No,,,Yes,,
KUCT0019,ct146::Tn,C. trachomatis,L2434,CTL0401,Transposon,Transposon mutant,Archived,Scott LaBrie,,,,,pCMA,"487,189",,,,,ampR,1/1/2019,1/2/2019,1/3/2019,1/4/2019,1/5/2019,,Yes,WGS,,,,,,,Yes,,,No,,,Yes,,
KUCT0020,ct148::Tn,C. trachomatis,L2434,CTL0403,Transposon,Transposon mutant,Archived,Scott LaBrie,,,,,pCMA,"493,563",,,,,ampR,1/1/2019,1/2/2019,1/3/2019,1/4/2019,1/5/2019,,Yes,WGS,Yes,Enhanced EB progeny,https://raw.githubusercontent.com/khybiske/ChlamAtlas/refs/heads/main/data/KUCT0020_invitro.png,Yes,Reduced bacterial burden in uterine horns,,Yes,,,No,,,Yes,,
KUCT0021,ct153::Tn,C. trachomatis,L2434,CTL0408,Transposon,Transposon mutant,Archived,Scott LaBrie,,,,,pCMA,"499,954",,,,,ampR,1/1/2019,1/2/2019,1/3/2019,1/4/2019,1/5/2019,,Yes,WGS,,,,Yes,Partly reduced uterine horn burden,,Yes,,,No,,,Yes,,
KUCT0022,ct153::Tn,C. trachomatis,L2434,CTL0408,Transposon,Transposon mutant,Archived,Scott LaBrie,,,,,pCMA,"500,482",,,,,ampR,1/1/2019,1/2/2019,1/3/2019,1/4/2019,1/5/2019,,Yes,WGS,Yes,Enhanced EB progeny,https://raw.githubusercontent.com/khybiske/ChlamAtlas/refs/heads/main/data/KUCT0022_invitro.png,,,,Yes,,,No,,,Yes,,
KUCT0023,ct157::Tn,C. trachomatis,L2434,CTL0413,Transposon,Transposon mutant,Archived,Scott LaBrie,,,,,pCMA,"504,003",,,,,ampR,1/1/2019,1/2/2019,1/3/2019,1/4/2019,1/5/2019,,Yes,WGS,,,,,,,Yes,,,No,,,Yes,,
KUCT0024,ct159::Tn,C. trachomatis,L2434,CTL0417,Transposon,Transposon mutant,Archived,Scott LaBrie,,,,,pCMA,,,,,,ampR,1/1/2019,1/2/2019,1/3/2019,1/4/2019,1/5/2019,,Yes,WGS,,,,,,,Yes,,,No,,,Yes,,
KUCT0025,ct170::Tn,C. trachomatis,L2434,CTL0423,Transposon,Transposon mutant,Archived,Scott LaBrie,,,,,pCMA,"512,551",,,,,ampR,1/1/2019,1/2/2019,1/3/2019,1/4/2019,1/5/2019,,Yes,WGS,,,,,,,Yes,,,No,,,Yes,,
KUCT0026,ct170::Tn,C. trachomatis,L2434,CTL0423,Transposon,Transposon mutant,Archived,Scott LaBrie,,,,,pCMA,"512,763",,,,,ampR,1/1/2019,1/2/2019,1/3/2019,1/4/2019,1/5/2019,,Yes,WGS,,,,,,,Yes,,,No,,,Yes,,
KUCT0027,ct172::Tn,C. trachomatis,L2434,CTL0425,Transposon,Transposon mutant,Archived,Scott LaBrie,,,,,pCMA,"514,407",,,,,ampR,1/1/2019,1/2/2019,1/3/2019,1/4/2019,1/5/2019,,Yes,WGS,,,,,,,Yes,,,No,,,Yes,,
KUCT0028,ct244::Tn,C. trachomatis,L2434,CTL0496,Transposon,Transposon mutant,Archived,Scott LaBrie,,,,,pCMA,"591,198",,,,,ampR,1/1/2019,1/2/2019,1/3/2019,1/4/2019,1/5/2019,,Yes,WGS,,,,,,,Yes,,,No,,,Yes,,
KUCT0029,ct248::Tn,C. trachomatis,L2434,CTL0500,Transposon,Transposon mutant,Archived,Scott LaBrie,,,,,pCMA,"596,937",,,,,ampR,1/1/2019,1/2/2019,1/3/2019,1/4/2019,1/5/2019,,Yes,WGS,,,,,,,Yes,,,No,,,Yes,,
KUCT0030,ct298::Tn,C. trachomatis,L2434,CTL0550,Transposon,Transposon mutant,Archived,Scott LaBrie,,,,,pCMA,"650,265",,,,,ampR,1/1/2019,1/2/2019,1/3/2019,1/4/2019,1/5/2019,,Yes,WGS,,,,,,,Yes,,,No,,,Yes,,
KUCT0031,ct326::Tn,C. trachomatis,L2434,CTL0580,Transposon,Transposon mutant,Archived,Scott LaBrie,,,,,pCMA,"685,322",,,,,ampR,1/1/2019,1/2/2019,1/3/2019,1/4/2019,1/5/2019,,Yes,WGS,,,,,,,Yes,,,No,,,Yes,,
KUCT0032,ct333::Tn,C. trachomatis,L2434,CTL0587,Transposon,Transposon mutant,Archived,Scott LaBrie,,,,,pCMA,"696,123",,,,,ampR,1/1/2019,1/2/2019,1/3/2019,1/4/2019,1/5/2019,,Yes,WGS,,,https://raw.githubusercontent.com/khybiske/ChlamAtlas/refs/heads/main/data/KUCT0032_invitro.png,,,,Yes,,,No,,,Yes,,
KUCT0033,ct333::Tn,C. trachomatis,L2434,CTL0587,Transposon,Transposon mutant,Archived,Scott LaBrie,,,,,pCMA,"697,044",,,,,ampR,1/1/2019,1/2/2019,1/3/2019,1/4/2019,1/5/2019,,Yes,WGS,,,,,,,Yes,,,No,,,Yes,,
KUCT0034,ct333::Tn,C. trachomatis,L2434,CTL0587,Transposon,Transposon mutant,Archived,Scott LaBrie,,,,,pCMA,"697,874",,,,,ampR,1/1/2019,1/2/2019,1/3/2019,1/4/2019,1/5/2019,,Yes,WGS,,,,,,,Yes,,,No,,,Yes,,
KUCT0035,ct333::Tn,C. trachomatis,L2434,CTL0587,Transposon,Transposon mutant,Archived,Scott LaBrie,,,,,pCMA,"698,091",,,,,ampR,1/1/2019,1/2/2019,1/3/2019,1/4/2019,1/5/2019,,Yes,WGS,,,,,,,Yes,,,No,,,Yes,,
KUCT0036,ct333::Tn,C. trachomatis,L2434,CTL0587,Transposon,Transposon mutant,Archived,Scott LaBrie,,,,,pCMA,"699,439",,,,,ampR,1/1/2019,1/2/2019,1/3/2019,1/4/2019,1/5/2019,,Yes,WGS,,,,No,WT like growth,,Yes,,,No,,,Yes,,
KUCT0037,ct339::Tn,C. trachomatis,L2434,CTL0593,Transposon,Transposon mutant,Archived,Scott LaBrie,,,,,pCMA,"705,937",,,,,ampR,1/1/2019,1/2/2019,1/3/2019,1/4/2019,1/5/2019,,Yes,WGS,Yes,Enhanced EB progeny; large inclusions,https://raw.githubusercontent.com/khybiske/ChlamAtlas/refs/heads/main/data/KUCT0037_invitro.png,No,WT like growth,,Yes,,,No,,,Yes,,
KUCT0038,ct350::Tn,C. trachomatis,L2434,CTL0604,Transposon,Transposon mutant,Archived,Scott LaBrie,,,,,pCMA,"718,288",,,,,ampR,1/1/2019,1/2/2019,1/3/2019,1/4/2019,1/5/2019,,Yes,WGS,Yes,Reduced EB progeny,https://raw.githubusercontent.com/khybiske/ChlamAtlas/refs/heads/main/data/KUCT0038_invitro.png,,,,Yes,,,No,,,Yes,,
KUCT0039,ct357::Tn,C. trachomatis,L2434,CTL0611A,Transposon,Transposon mutant,Archived,Scott LaBrie,,,,,pCMA,"728,274",,,,,ampR,1/1/2019,1/2/2019,1/3/2019,1/4/2019,1/5/2019,,Yes,WGS,,,,,,,Yes,,,No,,,Yes,,
KUCT0040,ct371::Tn,C. trachomatis,L2434,CTL0625,Transposon,Transposon mutant,Archived,Scott LaBrie,,,,,pCMA,"742,559",,,,,ampR,1/1/2019,1/2/2019,1/3/2019,1/4/2019,1/5/2019,,Yes,WGS,,,,,,,Yes,,,No,,,Yes,,
KUCT0041,ct372::Tn,C. trachomatis,L2434,CTL0626,Transposon,Transposon mutant,Archived,Scott LaBrie,,,,,pCMA,"743,881",,,,,ampR,1/1/2019,1/2/2019,1/3/2019,1/4/2019,1/5/2019,,Yes,WGS,,,,,,,Yes,,,No,,,Yes,,
KUCT0042,ct383::Tn,C. trachomatis,L2434,CTL0639,Transposon,Transposon mutant,Archived,Scott LaBrie,,,,,pCMA,"755,828",,,,,ampR,1/1/2019,1/2/2019,1/3/2019,1/4/2019,1/5/2019,,Yes,WGS,Yes,Small inclusions (24 hpi),https://raw.githubusercontent.com/khybiske/ChlamAtlas/refs/heads/main/data/KUCT0041_invitro.png,No,WT like growth,,Yes,,,No,,,Yes,,
KUCT0043,ct385::Tn,C. trachomatis,L2434,CTL0641,Transposon,Transposon mutant,Archived,Scott LaBrie,,,,,pCMA,"757,770",,,,,ampR,1/1/2019,1/2/2019,1/3/2019,1/4/2019,1/5/2019,,Yes,WGS,,,,,,,Yes,,,No,,,Yes,,
KUCT0044,ct392::Tn,C. trachomatis,L2434,CTL0648,Transposon,Transposon mutant,Archived,Scott LaBrie,,,,,pCMA,"765,648",,,,,ampR,1/1/2019,1/2/2019,1/3/2019,1/4/2019,1/5/2019,,Yes,WGS,Yes,Reduced EB progeny,https://raw.githubusercontent.com/khybiske/ChlamAtlas/refs/heads/main/data/KUCT0045_invitro.png,No,WT like growth,,Yes,,,No,,,Yes,,
KUCT0045,ct392::Tn,C. trachomatis,L2434,CTL0648,Transposon,Transposon mutant,Archived,Scott LaBrie,,,,,pCMA,"766,400",,,,,ampR,1/1/2019,1/2/2019,1/3/2019,1/4/2019,1/5/2019,,Yes,WGS,Yes,Reduced EB progeny,https://raw.githubusercontent.com/khybiske/ChlamAtlas/refs/heads/main/data/KUCT0045_invitro.png,No,WT like growth,,Yes,,,No,,,Yes,,
KUCT0046,ct404::Tn,C. trachomatis,L2434,CTL0661,Transposon,Transposon mutant,Archived,Scott LaBrie,,,,,pCMA,"781,874",,,,,ampR,1/1/2019,1/2/2019,1/3/2019,1/4/2019,1/5/2019,,Yes,WGS,Yes,Reduced EB progeny,https://raw.githubusercontent.com/khybiske/ChlamAtlas/refs/heads/main/data/KUCT0046_invitro.png,No,WT like growth,,Yes,,,No,,,Yes,,
KUCT0047,ct414::Tn,C. trachomatis,L2434,CTL0671,Transposon,Transposon mutant,Archived,Scott LaBrie,,,,,pCMA,"799,909",,,,,ampR,1/1/2019,1/2/2019,1/3/2019,1/4/2019,1/5/2019,,Yes,WGS,,,,,,,Yes,,,No,,,Yes,,
KUCT0048,ct414::Tn,C. trachomatis,L2434,CTL0671,Transposon,Transposon mutant,Archived,Scott LaBrie,,,,,pCMA,"802,592",,,,,ampR,1/1/2019,1/2/2019,1/3/2019,1/4/2019,1/5/2019,,Yes,WGS,,,,,,,Yes,,,No,,,Yes,,
KUCT0049,ct414::Tn,C. trachomatis,L2434,CTL0671,Transposon,Transposon mutant,Archived,Scott LaBrie,,,,,pCMA,"802,593",,,,,ampR,1/1/2019,1/2/2019,1/3/2019,1/4/2019,1/5/2019,,Yes,WGS,,,,,,,Yes,,,No,,,Yes,,
KUCT0050,ct421::Tn,C. trachomatis,L2434,CTL0678,Transposon,Transposon mutant,Archived,Scott LaBrie,,,,,pCMA,"804,491",,,,,ampR,1/1/2019,1/2/2019,1/3/2019,1/4/2019,1/5/2019,,Yes,WGS,,,,,,,Yes,,,No,,,Yes,,
KUCT0051,ct447::Tn,C. trachomatis,L2434,CTL0707,Transposon,Transposon mutant,Archived,Scott LaBrie,,,,,pCMA,"836,380",,,,,ampR,1/1/2019,1/2/2019,1/3/2019,1/4/2019,1/5/2019,,Yes,WGS,,,,,,,Yes,,,No,,,Yes,,
KUCT0052,ct448::Tn,C. trachomatis,L2434,CTL0708,Transposon,Transposon mutant,Archived,Scott LaBrie,,,,,pCMA,"838,006",,,,,ampR,1/1/2019,1/2/2019,1/3/2019,1/4/2019,1/5/2019,,Yes,WGS,,,,,,,Yes,,,No,,,Yes,,
KUCT0053,ct470::Tn,C. trachomatis,L2434,CTL0730,Transposon,Transposon mutant,Archived,Scott LaBrie,,,,,pCMA,"863,604",,,,,ampR,1/1/2019,1/2/2019,1/3/2019,1/4/2019,1/5/2019,,Yes,WGS,,,,,,,Yes,,,No,,,Yes,,
KUCT0054,ct489::Tn,C. trachomatis,L2434,CTL0750,Transposon,Transposon mutant,Archived,Scott LaBrie,,,,,pCMA,"884,304",,,,,ampR,1/1/2019,1/2/2019,1/3/2019,1/4/2019,1/5/2019,,Yes,WGS,,,,,,,Yes,,,No,,,Yes,,
KUCT0055,ct540::Tn,C. trachomatis,L2434,CTL0802,Transposon,Transposon mutant,Archived,Scott LaBrie,,,,,pCMA,"925,001",,,,,ampR,1/1/2019,1/2/2019,1/3/2019,1/4/2019,1/5/2019,,Yes,WGS,,,,,,,Yes,,,No,,,Yes,,
KUCT0056,ct550::Tn,C. trachomatis,L2434,CTL0812,Transposon,Transposon mutant,Archived,Scott LaBrie,,,,,pCMA,"938,483",,,,,ampR,1/1/2019,1/2/2019,1/3/2019,1/4/2019,1/5/2019,,Yes,WGS,Yes,Enhanced EB progeny; large inclusions,https://raw.githubusercontent.com/khybiske/ChlamAtlas/refs/heads/main/data/KUCT0056_invitro.png,No,WT like growth,,Yes,,,No,,,Yes,,
KUCT0057,ct555::Tn,C. trachomatis,L2434,CTL0818,Transposon,Transposon mutant,Archived,Scott LaBrie,,,,,pCMA,"946,408",,,,,ampR,1/1/2019,1/2/2019,1/3/2019,1/4/2019,1/5/2019,,Yes,WGS,,,,,,,Yes,,,No,,,Yes,,
KUCT0058,ct574::Tn,C. trachomatis,L2434,CTL0837,Transposon,Transposon mutant,Archived,Scott LaBrie,,,,,pCMA,"965,163",,,,,ampR,1/1/2019,1/2/2019,1/3/2019,1/4/2019,1/5/2019,,Yes,WGS,,,,,,,Yes,,,No,,,Yes,,
KUCT0059,ct575::Tn,C. trachomatis,L2434,CTL0838,Transposon,Transposon mutant,Archived,Scott LaBrie,,,,,pCMA,"966,365",,,,,ampR,1/1/2019,1/2/2019,1/3/2019,1/4/2019,1/5/2019,,Yes,WGS,,,,,,,Yes,,,No,,,Yes,,
KUCT0060,ct586::Tn,C. trachomatis,L2434,CTL0849,Transposon,Transposon mutant,Archived,Scott LaBrie,,,,,pCMA,"979,090",,,,,ampR,1/1/2019,1/2/2019,1/3/2019,1/4/2019,1/5/2019,,Yes,WGS,,,,,,,Yes,,,No,,,Yes,,
KUCT0061,ct590::Tn,C. trachomatis,L2434,CTL0853,Transposon,Transposon mutant,Archived,Scott LaBrie,,,,,pCMA,"986,413",,,,,ampR,1/1/2019,1/2/2019,1/3/2019,1/4/2019,1/5/2019,,Yes,WGS,Yes,Reduced EB progeny,https://raw.githubusercontent.com/khybiske/ChlamAtlas/refs/heads/main/data/KUCT0062_invitro.png,,,,Yes,,,No,,,Yes,,
KUCT0062,ct590::Tn,C. trachomatis,L2434,CTL0853,Transposon,Transposon mutant,Archived,Scott LaBrie,,,,,pCMA,"988,197",,,,,ampR,1/1/2019,1/2/2019,1/3/2019,1/4/2019,1/5/2019,,Yes,WGS,Yes,Reduced EB progeny,https://raw.githubusercontent.com/khybiske/ChlamAtlas/refs/heads/main/data/KUCT0062_invitro.png,,,,Yes,,,No,,,Yes,,
KUCT0063,ct592::Tn,C. trachomatis,L2434,CTL0855,Transposon,Transposon mutant,Archived,Scott LaBrie,,,,,pCMA,"990,457",,,,,ampR,1/1/2019,1/2/2019,1/3/2019,1/4/2019,1/5/2019,,Yes,WGS,,,,,,,Yes,,,No,,,Yes,,
KUCT0064,ct593::Tn,C. trachomatis,L2434,CTL0856,Transposon,Transposon mutant,Archived,Scott LaBrie,,,,,pCMA,"992,076",,,,,ampR,1/1/2019,1/2/2019,1/3/2019,1/4/2019,1/5/2019,,Yes,WGS,,,,,,,Yes,,,No,,,Yes,,
KUCT0065,ct594::Tn,C. trachomatis,L2434,CTL0858,Transposon,Transposon mutant,Archived,Scott LaBrie,,,,,pCMA,"992,950",,,,,ampR,1/1/2019,1/2/2019,1/3/2019,1/4/2019,1/5/2019,,Yes,WGS,,,,,,,Yes,,,No,,,Yes,,
KUCT0066,ct604::Tn,C. trachomatis,L2434,CTL0867,Transposon,Transposon mutant,Archived,Scott LaBrie,,,,,pCMA,"1,002,459",,,,,ampR,1/1/2019,1/2/2019,1/3/2019,1/4/2019,1/5/2019,,Yes,WGS,,,,,,,Yes,,,No,,,Yes,,
KUCT0067,ct658::Tn,C. trachomatis,L2434,CTL0027,Transposon,Transposon mutant,Archived,Scott LaBrie,,,,,pCMA,"33,827",,,,,ampR,1/1/2019,1/2/2019,1/3/2019,1/4/2019,1/5/2019,,Yes,WGS,,,,,,,Yes,,,No,,,Yes,,
KUCT0068,ct694::Tn,C. trachomatis,L2434,CTL0063,Transposon,Transposon mutant,Archived,Scott LaBrie,,,,,pCMA,"76,200",,,,,ampR,1/1/2019,1/2/2019,1/3/2019,1/4/2019,1/5/2019,,Yes,WGS,,,,,,,Yes,,,No,,,Yes,,
KUCT0069,ct696::Tn,C. trachomatis,L2434,CTL0065,Transposon,Transposon mutant,Archived,Scott LaBrie,,,,,pCMA,"79,522",,,,,ampR,1/1/2019,1/2/2019,1/3/2019,1/4/2019,1/5/2019,,Yes,WGS,Yes,Very slow growth,https://raw.githubusercontent.com/khybiske/ChlamAtlas/refs/heads/main/data/KUCT0069_invitro.png,,,,Yes,,,No,,,Yes,,
KUCT0070,ct732::Tn,C. trachomatis,L2434,CTL0101,Transposon,Transposon mutant,Archived,Scott LaBrie,,,,,pCMA,"124,470",,,,,ampR,1/1/2019,1/2/2019,1/3/2019,1/4/2019,1/5/2019,,Yes,WGS,Yes,Reduced EB progeny,https://raw.githubusercontent.com/khybiske/ChlamAtlas/refs/heads/main/data/KUCT0070_invitro.png,,,,Yes,,,No,,,Yes,,
KUCT0071,ct736::Tn,C. trachomatis,L2434,CTL0105,Transposon,Transposon mutant,Archived,Scott LaBrie,,,,,pCMA,"129,068",,,,,ampR,1/1/2019,1/2/2019,1/3/2019,1/4/2019,1/5/2019,,Yes,WGS,,,,,,,Yes,,,No,,,Yes,,
KUCT0072,ct806::Tn,C. trachomatis,L2434,CTL0175,Transposon,Transposon mutant,Archived,Scott LaBrie,,,,,pCMA,"223,999",,,,,ampR,1/1/2019,1/2/2019,1/3/2019,1/4/2019,1/5/2019,,Yes,WGS,,,,,,,Yes,,,No,,,Yes,,
KUCT0073,ct813::Tn,C. trachomatis,L2434,CTL0184,Transposon,Transposon mutant,Archived,Scott LaBrie,,,,,pCMA,"235,508",,,,,ampR,1/1/2019,1/2/2019,1/3/2019,1/4/2019,1/5/2019,,Yes,WGS,,,,,,,Yes,,,No,,,Yes,,
KUCT0074,ct814::Tn,C. trachomatis,L2434,CTL0185,Transposon,Transposon mutant,Archived,Scott LaBrie,,,,,pCMA,"236,256",,,,,ampR,1/1/2019,1/2/2019,1/3/2019,1/4/2019,1/5/2019,,Yes,WGS,,,,,,,Yes,,,No,,,Yes,,
KUCT0075,ct819::Tn,C. trachomatis,L2434,CTL0191,Transposon,Transposon mutant,Archived,Scott LaBrie,,,,,pCMA,"242,990",,,,,ampR,1/1/2019,1/2/2019,1/3/2019,1/4/2019,1/5/2019,,Yes,WGS,,,https://raw.githubusercontent.com/khybiske/ChlamAtlas/refs/heads/main/data/KUCT0075_invitro.png,No,WT like growth,,Yes,,,No,,,Yes,,
KUCT0076,ct829::Tn,C. trachomatis,L2434,CTL0201,Transposon,Transposon mutant,Archived,Scott LaBrie,,,,,pCMA,"258,702",,,,,ampR,1/1/2019,1/2/2019,1/3/2019,1/4/2019,1/5/2019,,Yes,WGS,,,,,,,Yes,,,No,,,Yes,,
KUCT0077,ct830::Tn,C. trachomatis,L2434,CTL0202,Transposon,Transposon mutant,Archived,Scott LaBrie,,,,,pCMA,"259,440",,,,,ampR,1/1/2019,1/2/2019,1/3/2019,1/4/2019,1/5/2019,,Yes,WGS,,,,,,,Yes,,,No,,,Yes,,
KUCT0078,ct867::Tn,C. trachomatis,L2434,CTL0246,Transposon,Transposon mutant,Archived,Scott LaBrie,,,,,pCMA,"302,887",,,,,ampR,1/1/2019,1/2/2019,1/3/2019,1/4/2019,1/5/2019,,Yes,WGS,,,,,,,Yes,,,No,,,Yes,,
KUCT0079,ct868::Tn,C. trachomatis,L2434,CTL0247,Transposon,Transposon mutant,Archived,Scott LaBrie,,,,,pCMA,"304,303",,,,,ampR,1/1/2019,1/2/2019,1/3/2019,1/4/2019,1/5/2019,,Yes,WGS,Yes,Small inclusions (24 hpi),https://raw.githubusercontent.com/khybiske/ChlamAtlas/refs/heads/main/data/KUCT0079_invitro.png,Yes,Reduced bacterial burden in uterine horns,,Yes,,,No,,,Yes,,
KUCT0080,ct871::Tn,C. trachomatis,L2434,CTL0250,Transposon,Transposon mutant,Archived,Scott LaBrie,,,,,pCMA,"312,316",,,,,ampR,1/1/2019,1/2/2019,1/3/2019,1/4/2019,1/5/2019,,Yes,WGS,,,,,,,Yes,,,No,,,Yes,,
KUCT0081,ctl0125::Tn,C. trachomatis,L2434,CTL0125,Transposon,Transposon mutant,Archived,Scott LaBrie,,,,,pCMA,"169,474",,,,,ampR,1/1/2019,1/2/2019,1/3/2019,1/4/2019,1/5/2019,,Yes,WGS,,,,,,,Yes,,,No,,,Yes,,
KUCT0082,ctl0238b::Tn,C. trachomatis,L2434,CTL0238b,Transposon,Transposon mutant,Archived,Scott LaBrie,,,,,pCMA,"298,245",,,,,ampR,1/1/2019,1/2/2019,1/3/2019,1/4/2019,1/5/2019,,Yes,WGS,,,,,,,Yes,,,No,,,Yes,,
KUCT0083,I1,C. trachomatis,L2434,IGR,Transposon,Transposon mutant,Archived,Scott LaBrie,,,,,pCMA,"32,332",,,,,ampR,1/1/2019,1/2/2019,1/3/2019,1/4/2019,1/5/2019,,Yes,WGS,,,,,,,Yes,,,No,,,Yes,,
KUCT0084,I10,C. trachomatis,L2434,IGR,Transposon,Transposon mutant,Archived,Scott LaBrie,,,,,pCMA,"72,505",,,,,ampR,1/1/2019,1/2/2019,1/3/2019,1/4/2019,1/5/2019,,Yes,WGS,,,,,,,Yes,,,No,,,Yes,,
KUCT0085,I11,C. trachomatis,L2434,IGR,Transposon,Transposon mutant,Archived,Scott LaBrie,,,,,pCMA,"87,381",,,,,ampR,1/1/2019,1/2/2019,1/3/2019,1/4/2019,1/5/2019,,Yes,WGS,,,,,,,Yes,,,No,,,Yes,,
KUCT0086,I12,C. trachomatis,L2434,IGR,Transposon,Transposon mutant,Archived,Scott LaBrie,,,,,pCMA,"142,632",,,,,ampR,1/1/2019,1/2/2019,1/3/2019,1/4/2019,1/5/2019,,Yes,WGS,,,,,,,Yes,,,No,,,Yes,,
KUCT0087,I13,C. trachomatis,L2434,IGR,Transposon,Transposon mutant,Archived,Scott LaBrie,,,,,pCMA,"208,013",,,,,ampR,1/1/2019,1/2/2019,1/3/2019,1/4/2019,1/5/2019,,Yes,WGS,,,,,,,Yes,,,No,,,Yes,,
KUCT0088,I14,C. trachomatis,L2434,IGR,Transposon,Transposon mutant,Archived,Scott LaBrie,,,,,pCMA,"401,583",,,,,ampR,1/1/2019,1/2/2019,1/3/2019,1/4/2019,1/5/2019,,Yes,WGS,,,,,,,Yes,,,No,,,Yes,,
KUCT0089,I15,C. trachomatis,L2434,IGR,Transposon,Transposon mutant,Archived,Scott LaBrie,,,,,pCMA,"419,884",,,,,ampR,1/1/2019,1/2/2019,1/3/2019,1/4/2019,1/5/2019,,Yes,WGS,,,,,,,Yes,,,No,,,Yes,,
KUCT0090,I16,C. trachomatis,L2434,IGR,Transposon,Transposon mutant,Archived,Scott LaBrie,,,,,pCMA,"501,211",,,,,ampR,1/1/2019,1/2/2019,1/3/2019,1/4/2019,1/5/2019,,Yes,WGS,,,,,,,Yes,,,No,,,Yes,,
KUCT0091,I17,C. trachomatis,L2434,IGR,Transposon,Transposon mutant,Archived,Scott LaBrie,,,,,pCMA,"508,108",,,,,ampR,1/1/2019,1/2/2019,1/3/2019,1/4/2019,1/5/2019,,Yes,WGS,,,,,,,Yes,,,No,,,Yes,,
KUCT0092,I18,C. trachomatis,L2434,IGR,Transposon,Transposon mutant,Archived,Scott LaBrie,,,,,pCMA,"522,045",,,,,ampR,1/1/2019,1/2/2019,1/3/2019,1/4/2019,1/5/2019,,Yes,WGS,,,,,,,Yes,,,No,,,Yes,,
KUCT0093,I19,C. trachomatis,L2434,IGR,Transposon,Transposon mutant,Archived,Scott LaBrie,,,,,pCMA,"576,139",,,,,ampR,1/1/2019,1/2/2019,1/3/2019,1/4/2019,1/5/2019,,Yes,WGS,,,,,,,Yes,,,No,,,Yes,,
KUCT0094,I2,C. trachomatis,L2434,IGR,Transposon,Transposon mutant,Archived,Scott LaBrie,,,,,pCMA,"687,877",,,,,ampR,1/1/2019,1/2/2019,1/3/2019,1/4/2019,1/5/2019,,Yes,WGS,,,,,,,Yes,,,No,,,Yes,,
KUCT0095,I20,C. trachomatis,L2434,IGR,Transposon,Transposon mutant,Archived,Scott LaBrie,,,,,pCMA,"709,636",,,,,ampR,1/1/2019,1/2/2019,1/3/2019,1/4/2019,1/5/2019,,Yes,WGS,,,,,,,Yes,,,No,,,Yes,,
KUCT0096,I21,C. trachomatis,L2434,IGR,Transposon,Transposon mutant,Archived,Scott LaBrie,,,,,pCMA,"710,369",,,,,ampR,1/1/2019,1/2/2019,1/3/2019,1/4/2019,1/5/2019,,Yes,WGS,,,,,,,Yes,,,No,,,Yes,,
KUCT0097,I22,C. trachomatis,L2434,IGR,Transposon,Transposon mutant,Archived,Scott LaBrie,,,,,pCMA,p-5232,,,,,ampR,1/1/2019,1/2/2019,1/3/2019,1/4/2019,1/5/2019,,Yes,WGS,,,,,,,Yes,,,No,,,Yes,,
KUCT0098,I3,C. trachomatis,L2434,IGR,Transposon,Transposon mutant,Archived,Scott LaBrie,,,,,pCMA,"730,550",,,,,ampR,1/1/2019,1/2/2019,1/3/2019,1/4/2019,1/5/2019,,Yes,WGS,,,,,,,Yes,,,No,,,Yes,,
KUCT0099,I4,C. trachomatis,L2434,IGR,Transposon,Transposon mutant,Archived,Scott LaBrie,,,,,pCMA,"750,823",,,,,ampR,1/1/2019,1/2/2019,1/3/2019,1/4/2019,1/5/2019,,Yes,WGS,,,,,,,Yes,,,No,,,Yes,,
KUCT0100,I5,C. trachomatis,L2434,IGR,Transposon,Transposon mutant,Archived,Scott LaBrie,,,,,pCMA,"755,990",,,,,ampR,1/1/2019,1/2/2019,1/3/2019,1/4/2019,1/5/2019,,Yes,WGS,,,,,,,Yes,,,No,,,Yes,,
KUCT0101,I6,C. trachomatis,L2434,IGR,Transposon,Transposon mutant,Archived,Scott LaBrie,,,,,pCMA,"765,276",,,,,ampR,1/1/2019,1/2/2019,1/3/2019,1/4/2019,1/5/2019,,Yes,WGS,,,,,,,Yes,,,No,,,Yes,,
KUCT0102,I7,C. trachomatis,L2434,IGR,Transposon,Transposon mutant,Archived,Scott LaBrie,,,,,pCMA,"811,934",,,,,ampR,1/1/2019,1/2/2019,1/3/2019,1/4/2019,1/5/2019,,Yes,WGS,,,,,,,Yes,,,No,,,Yes,,
KUCT0103,I8,C. trachomatis,L2434,IGR,Transposon,Transposon mutant,Archived,Scott LaBrie,,,,,pCMA,"864,902",,,,,ampR,1/1/2019,1/2/2019,1/3/2019,1/4/2019,1/5/2019,,Yes,WGS,,,,,,,Yes,,,No,,,Yes,,
KUCT0104,I9,C. trachomatis,L2434,IGR,Transposon,Transposon mutant,Archived,Scott LaBrie,,,,,pCMA,p-5159,,,,,ampR,1/1/2019,1/2/2019,1/3/2019,1/4/2019,1/5/2019,,Yes,WGS,,,,,,,Yes,,,No,,,Yes,,
KUCT0105,CTL0270 (CT015),C. trachomatis,L2434,CTL0270,Transposon,Transposon mutant,Archived,Srishti Baid,,,,,pCMA,"339,583",,,,,ampR,,,,,,,,,,,,,,,Yes,,,No,,,No,,
KUCT0106,CTL0328 (CT072),C. trachomatis,L2434,CTL0328,Transposon,Transposon mutant,Archived,Srishti Baid,,,,,pCMA,"409,325",,,,,ampR,,,,,,,,,,,,,,,Yes,,,No,,,No,,
KUCT0107,CTL0329 (CT073),C. trachomatis,L2434,CTL0329,Transposon,Transposon mutant,Archived,Srishti Baid,,,,,pCMA,"409,325",,,,,ampR,,,,,,,,,,,,,,,Yes,,,No,,,No,,
KUCT0108,CTL0361 (CT106),C. trachomatis,L2434,CTL0361,Transposon,Transposon mutant,Archived,Srishti Baid,,,,,pCMA,"445,373",,,,,ampR,,,,,,,,,,,,,,,Yes,,,No,,,No,,
KUCT0109,CTL0435 (CT183),C. trachomatis,L2434,CTL0435,Transposon,Transposon mutant,Archived,Srishti Baid,,,,,pCMA,"523,046",,,,,ampR,,,,,,,,,,,,,,,Yes,,,No,,,No,,
KUCT0110,CTL0475 (CT222b),C. trachomatis,L2434,CTL0475,Transposon,Transposon mutant,Archived,Srishti Baid,,,,,pCMA,"569,414",,,,,ampR,,,,,,,,,,,,,,,Yes,,,No,,,No,,
KUCT0111,IGR between CTL0506 (CT254) and CTL0507 (CT255),C. trachomatis,L2434,IGR,Transposon,Transposon mutant,Archived,Srishti Baid,,,,,pCMA,"604,983",,,,,ampR,,,,,,,,,,,,,,,Yes,,,No,,,No,,
KUCT0112,IGR between CTL0577 (CT325) and CTL0578 (CT326),C. trachomatis,L2434,IGR,Transposon,Transposon mutant,Archived,Srishti Baid,,,,,pCMA,"684,216",,,,,ampR,,,,,,,,,,,,,,,Yes,,,No,,,No,,
KUCT0113,CTL0578 (CT326),C. trachomatis,L2434,CTL0580,Transposon,Transposon mutant,Archived,Srishti Baid,,,,,pCMA,"685,679",,,,,ampR,,,,,,,,,,,,,,,Yes,,,No,,,No,,
KUCT0114,CTL0587 (CT333),C. trachomatis,L2434,CTL0587,Transposon,Transposon mutant,Archived,Srishti Baid,,,,,pCMA,"695,599",,,,,ampR,,,,,,,,,,,,,,,Yes,,,No,,,No,,
KUCT0115,CTL0587 (CT333),C. trachomatis,L2434,CTL0587,Transposon,Transposon mutant,Archived,Srishti Baid,,,,,pCMA,"695,809",,,,,ampR,,,,,,,,,,,,,,,Yes,,,No,,,No,,
KUCT0116,CTL0610 (CT356),C. trachomatis,L2434,CTL0610,Transposon,Transposon mutant,Archived,Srishti Baid,,,,,pCMA,"726,038",,,,,ampR,,,,,,,,,,,,,,,Yes,,,No,,,No,,
KUCT0117,CTL0614 (CT360),C. trachomatis,L2434,CTL0614,Transposon,Transposon mutant,Archived,Srishti Baid,,,,,pCMA,"730,223",,,,,ampR,,,,,,,,,,,,,,,Yes,,,No,,,No,,
KUCT0118,CTL0658 (CT401),C. trachomatis,L2434,CTL0658,Transposon,Transposon mutant,Archived,Srishti Baid,,,,,pCMA,"778,731",,,,,ampR,,,,,,,,,,,,,,,Yes,,,No,,,No,,
KUCT0119,CTL0814 (CT552),C. trachomatis,L2434,CTL0814,Transposon,Transposon mutant,Archived,Srishti Baid,,,,,pCMA,"940,080",,,,,ampR,,,,,,,,,,,,,,,Yes,,,No,,,No,,
KUCT0120,CTL0064 (CT695),C. trachomatis,L2434,CTL0064,Transposon,Transposon mutant,Archived,Srishti Baid,,,,,pCMA,"77,339",,,,,ampR,,,,,,,,,,,,,,,Yes,,,No,,,No,,
KUCT0121,CTL0142 (CT773),C. trachomatis,L2434,CTL0142,Transposon,Transposon mutant,Archived,Srishti Baid,,,,,pCMA,"187,490",,,,,ampR,,,,,,,,,,,,,,,Yes,,,No,,,No,,
KUCT0122,CTL0143 (CT774),C. trachomatis,L2434,CTL0143,Transposon,Transposon mutant,Archived,Srishti Baid,,,,,pCMA,"187,490",,,,,ampR,,,,,,,,,,,,,,,Yes,,,No,,,No,,
KUCT0123,CTL0159 (CT791),C. trachomatis,L2434,CTL0159,Transposon,Transposon mutant,Archived,Srishti Baid,,,,,pCMA,"203,917",,,,,ampR,,,,,,,,,,,,,,,Yes,,,No,,,No,,
KUCT0124,CTL0174 (CT805),C. trachomatis,L2434,CTL0174,Transposon,Transposon mutant,Archived,Srishti Baid,,,,,pCMA,"221,002",,,,,ampR,,,,,,,,,,,,,,,Yes,,,No,,,No,,
KUCT0125,CTL0184 (CT813),C. trachomatis,L2434,CTL0184,Transposon,Transposon mutant,Archived,Srishti Baid,,,,,pCMA,"235,331",,,,,ampR,,,,,,,,,,,,,,,Yes,,,No,,,No,,
KUCT0126,CTL0201 (CT829),C. trachomatis,L2434,CTL0201,Transposon,Transposon mutant,Archived,Srishti Baid,,,,,pCMA,"258,707",,,,,ampR,,,,,,,,,,,,,,,Yes,,,No,,,No,,
KUCT0127,CTL0223 (CT850),C. trachomatis,L2434,CTL0223,Transposon,Transposon mutant,Archived,Srishti Baid,,,,,pCMA,"279,833",,,,,ampR,,,,,,,,,,,,,,,Yes,,,No,,,No,,
KUCT0128,CTL0245 (CT866),C. trachomatis,L2434,CTL0245,Transposon,Transposon mutant,Archived,Srishti Baid,,,,,pCMA,"300,895",,,,,ampR,,,,,,,,,,,,,,,Yes,,,No,,,No,,
KUCT0129,CTL0245 (CT866),C. trachomatis,L2434,CTL0245,Transposon,Transposon mutant,Archived,Srishti Baid,,,,,pCMA,"301,628",,,,,ampR,,,,,,,,,,,,,,,Yes,,,No,,,No,,
KUCT0130,CTL0255 (CT875 and CT875b),C. trachomatis,L2434,CTL0255,Transposon,Transposon mutant,Archived,Srishti Baid,,,,,pCMA,"321,933",,,,,ampR,,,,,,,,,,,,,,,Yes,,,No,,,No,,
KUCT0131,IGR between CTL0148 (CT779) and CTL0149 (CT780),C. trachomatis,L2434,IGR,Transposon,Transposon mutant,Archived,Srishti Baid,,,,,pCMA,"195,272",,,,,ampR,,,,,,,,,,,,,,,Yes,,,No,,,No,,
KUCT0132,IGR between CTL0476 (CT223) and CTL0477 (CT224),C. trachomatis,L2434,IGR,Transposon,Transposon mutant,Archived,Srishti Baid,,,,,pCMA,"570,799",,,,,ampR,,,,,,,,,,,,,,,Yes,,,No,,,No,,
KUCT0133,IGR between CTL0503 (CT251) and CTL0504 (CT252),C. trachomatis,L2434,IGR,Transposon,Transposon mutant,Archived,Srishti Baid,,,,,pCMA,"602,443",,,,,ampR,,,,,,,,,,,,,,,Yes,,,No,,,No,,
KUCT0134,IGR between CTL0691 (CT432) and CTL0692 (CT433),C. trachomatis,L2434,IGR,Transposon,Transposon mutant,Archived,Srishti Baid,,,,,pCMA,"821,178",,,,,ampR,,,,,,,,,,,,,,,Yes,,,No,,,No,,
KUCT0135,pGP3,C. trachomatis,L2434,pL2-05,Transposon,Transposon mutant,Archived,Srishti Baid,,,,,pCMA,"4,870",,,,,ampR,,,,,,,,,,,,,,,Yes,,,No,,,No,,
L2Sm_03,,C. trachomatis,L2434,pL2-04,Transposon,Transposon mutant,Archived,Yibing Wang,,,,,pYW49,p-1870,,,,,specR,,,,,,,,,,,,,,,Yes,,,No,,,,,
L2Tm_4b,,C. trachomatis,L2434,pL2-05,Transposon,Transposon mutant,Archived,Yibing Wang,,,,,pYW48,p-1568,,,,,tetR,,,,,,,,,,,,,,,Yes,,,No,,,,,
L2Sm_04,,C. trachomatis,L2434,pL2-07,Transposon,Transposon mutant,Archived,Yibing Wang,,,,,pYW49,p-7312,,,,,specR,,,,,,,,,,,,,,,Yes,,,No,,,,,
L2Tm_49,,C. trachomatis,L2434,CTL0262,Transposon,Transposon mutant,Archived,Yibing Wang,,,,,pYW48,"329,648",,,,,tetR,,,,,,,,,Abnormal,,,,,,Yes,,,No,,,,,
L2Tm_47,,C. trachomatis,L2434,CTL0284,Transposon,Transposon mutant,Archived,Yibing Wang,,,,,pYW48,"356,060",,,,,tetR,,,,,,,,,Abnormal growth,,,,,,Yes,,,No,,,,,
L2Tm_34,,C. trachomatis,L2434,CTL0310,Transposon,Transposon mutant,Archived,Yibing Wang,,,,,pYW48,"383,568",,,,,tetR,,,,,,,,,,,,,,,Yes,,,No,,,,,
L2Tm_10,,C. trachomatis,L2434,CTL0338A,Transposon,Transposon mutant,Archived,Yibing Wang,,,,,pYW48,"418,592",,,,,tetR,,,,,,,,,,,,,,,Yes,,,No,,,,,
L2Tm_66,,C. trachomatis,L2434,CTL0361,Transposon,Transposon mutant,Archived,Yibing Wang,,,,,pYW48,"445,489",,,,,tetR,,,,,,,,,,,,,,,Yes,,,No,,,,,
L2Tm_29,,C. trachomatis,L2434,CTL0386,Transposon,Transposon mutant,Archived,Yibing Wang,,,,,pYW48,"471,426",,,,,tetR,,,,,,,,,,,,,,,Yes,,,No,,,,,
L2Tm_61,,C. trachomatis,L2434,CTL0394,Transposon,Transposon mutant,Archived,Yibing Wang,,,,,pYW48,"478,415",,,,,tetR,,,,,,,,,,,,,,,Yes,,,No,,,,,
L2Tm_67,,C. trachomatis,L2434,CTL0397,Transposon,Transposon mutant,Archived,Yibing Wang,,,,,pYW48,"482,011",,,,,tetR,,,,,,,,,,,,,,,Yes,,,No,,,,,
L2Tm_62,,C. trachomatis,L2434,CTL0411,Transposon,Transposon mutant,Archived,Yibing Wang,,,,,pYW48,"502,853",,,,,tetR,,,,,,,,,,,,,,,Yes,,,No,,,,,
L2Tm_57,,C. trachomatis,L2434,CTL0423,Transposon,Transposon mutant,Archived,Yibing Wang,,,,,pYW48,"512,551",,,,,tetR,,,,,,,,,,,,,,,Yes,,,No,,,,,
L2Tm_14b,,C. trachomatis,L2434,CTL0456,Transposon,Transposon mutant,Archived,Yibing Wang,,,,,pYW48,"548,187",,,,,tetR,,,,,,,,,,,,,,,Yes,,,No,,,,,
L2Tm_13,,C. trachomatis,L2434,CTL0476,Transposon,Transposon mutant,Archived,Yibing Wang,,,,,pYW48,"570,458",,,,,tetR,,,,,,,,,,,,,,,Yes,,,No,,,,,
L2Tm_32,,C. trachomatis,L2434,CTL0492,Transposon,Transposon mutant,Archived,Yibing Wang,,,,,pYW48,"585,862",,,,,tetR,,,,,,,,,,,,,,,Yes,,,No,,,,,
L2Tm_6b,,C. trachomatis,L2434,CTL0501,Transposon,Transposon mutant,Archived,Yibing Wang,,,,,pYW48,"589,369",,,,,tetR,,,,,,,,,,,,,,,Yes,,,No,,,,,
L2Tm_40,,C. trachomatis,L2434,CTL0528,Transposon,Transposon mutant,Archived,Yibing Wang,,,,,pYW48,"626,382",,,,,tetR,,,,,,,,,,,,,,,Yes,,,No,,,,,
L2Tm_37,,C. trachomatis,L2434,CTL0547,Transposon,Transposon mutant,Archived,Yibing Wang,,,,,pYW48,"646,841",,,,,tetR,,,,,,,,,Slow growth,,,,,,Yes,,,No,,,,,
L2Tm_12,,C. trachomatis,L2434,CTL0580,Transposon,Transposon mutant,Archived,Yibing Wang,,,,,pYW48,"684,167",,,,,tetR,,,,,,,,,,,,,,,Yes,,,No,,,,,
L2Tm_11,,C. trachomatis,L2434,CTL0634,Transposon,Transposon mutant,Archived,Yibing Wang,,,,,pYW48,"751,059",,,,,tetR,,,,,,,,,Abnormal growth,,,,,,Yes,,,No,,,,,
L2Tm_33,,C. trachomatis,L2434,CTL0648,Transposon,Transposon mutant,Archived,Yibing Wang,,,,,pYW48,"766,263",,,,,tetR,,,,,,,,,,,,,,,Yes,,,No,,,,,
L2Sm_08,,C. trachomatis,L2434,CTL0703,Transposon,Transposon mutant,Archived,Yibing Wang,,,,,pYW49,"832,496",,,,,specR,,,,,,,,,,,,,,,Yes,,,No,,,,,
L2Tm_21,,C. trachomatis,L2434,CTL0716,Transposon,Transposon mutant,Archived,Yibing Wang,,,,,pYW48,"852,144",,,,,tetR,,,,,,,,,,,,,,,Yes,,,No,,,,,
L2Tm_44,,C. trachomatis,L2434,CTL0729,Transposon,Transposon mutant,Archived,Yibing Wang,,,,,pYW48,"862,904",,,,,tetR,,,,,,,,,,,,,,,Yes,,,No,,,,,
L2Tm_48,,C. trachomatis,L2434,CTL0796,Transposon,Transposon mutant,Archived,Yibing Wang,,,,,pYW48,"921,131",,,,,tetR,,,,,,,,,,,,,,,Yes,,,No,,,,,
L2Tm_59,,C. trachomatis,L2434,CTL0812,Transposon,Transposon mutant,Archived,Yibing Wang,,,,,pYW48,"938,442",,,,,tetR,,,,,,,,,,,,,,,Yes,,,No,,,,,
L2Tm_20,,C. trachomatis,L2434,CTL0849,Transposon,Transposon mutant,Archived,Yibing Wang,,,,,pYW48,"979,661",,,,,tetR,,,,,,,,,,,,,,,Yes,,,No,,,,,
L2Tm_45,,C. trachomatis,L2434,CTL0853,Transposon,Transposon mutant,Archived,Yibing Wang,,,,,pYW48,"988,216",,,,,tetR,,,,,,,,,,,,,,,Yes,,,No,,,,,
L2Tm_28,,C. trachomatis,L2434,CTL0856,Transposon,Transposon mutant,Archived,Yibing Wang,,,,,pYW48,"991,937",,,,,tetR,,,,,,,,,,,,,,,Yes,,,No,,,,,
L2Tm_23,,C. trachomatis,L2434,CTL0891,Transposon,Transposon mutant,Archived,Yibing Wang,,,,,pYW48,"1,033,258",,,,,tetR,,,,,,,,,,,,,,,Yes,,,No,,,,,
L2Tm_38,,C. trachomatis,L2434,CTL0020,Transposon,Transposon mutant,Archived,Yibing Wang,,,,,pYW48,"28,944",,,,,tetR,,,,,,,,,,,,,,,Yes,,,No,,,,,
L2Tm_19,,C. trachomatis,L2434,CTL0042,Transposon,Transposon mutant,Archived,Yibing Wang,,,,,pYW48,"49,286",,,,,tetR,,,,,,,,,,,,,,,Yes,,,No,,,,,
L2Tm_52,,C. trachomatis,L2434,CTL0066,Transposon,Transposon mutant,Archived,Yibing Wang,,,,,pYW48,"79,996",,,,,tetR,,,,,,,,,,,,,,,Yes,,,No,,,,,
L2Tm_17,,C. trachomatis,L2434,CTL0111,Transposon,Transposon mutant,Archived,Yibing Wang,,,,,pYW48,"142,464",,,,,tetR,,,,,,,,,,,,,,,Yes,,,No,,,,,
L2Tm_14a,,C. trachomatis,L2434,CTL0113,Transposon,Transposon mutant,Archived,Yibing Wang,,,,,pYW48,"145,897",,,,,tetR,,,,,,,,,,,,,,,Yes,,,No,,,,,
L2Tm_30,,C. trachomatis,L2434,CTL0114,Transposon,Transposon mutant,Archived,Yibing Wang,,,,,pYW48,"147,070",,,,,tetR,,,,,,,,,,,,,,,Yes,,,No,,,,,
L2Tm_22a,,C. trachomatis,L2434,CTL0152,Transposon,Transposon mutant,Archived,Yibing Wang,,,,,pYW48,"200,368",,,,,tetR,,,,,,,,,,,,,,,Yes,,,No,,,,,
L2Tm_36,,C. trachomatis,L2434,CTL0156,Transposon,Transposon mutant,Archived,Yibing Wang,,,,,pYW48,"202,334",,,,,tetR,,,,,,,,,,,,,,,Yes,,,No,,,,,
L2Tm_22b,,C. trachomatis,L2434,CTL0159,Transposon,Transposon mutant,Archived,Yibing Wang,,,,,pYW48,"205,127",,,,,tetR,,,,,,,,,,,,,,,Yes,,,No,,,,,
L2Tm_50,,C. trachomatis,L2434,CTL0183,Transposon,Transposon mutant,Archived,Yibing Wang,,,,,pYW48,"231,237",,,,,tetR,,,,,,,,,Abnormal,,,,,,Yes,,,No,,,,,
L2Tm_18,,C. trachomatis,L2434,CTL0190,Transposon,Transposon mutant,Archived,Yibing Wang,,,,,pYW48,"242,264",,,,,tetR,,,,,,,,,,,,,,,Yes,,,No,,,,,
L2Tm_60,,C. trachomatis,L2434,CTL0202,Transposon,Transposon mutant,Archived,Yibing Wang,,,,,pYW48,"259,595",,,,,tetR,,,,,,,,,,,,,,,Yes,,,No,,,,,
L2Tm_6a,,C. trachomatis,L2434,CTL0243,Transposon,Transposon mutant,Archived,Yibing Wang,,,,,pYW48,"298,380",,,,,tetR,,,,,,,,,,,,,,,Yes,,,No,,,,,
L2Tm_26,,C. trachomatis,L2434,CTL0245,Transposon,Transposon mutant,Archived,Yibing Wang,,,,,pYW48,"300,641",,,,,tetR,,,,,,,,,,,,,,,Yes,,,No,,,,,
L2Tm_56,,C. trachomatis,L2434,CTL0246,Transposon,Transposon mutant,Archived,Yibing Wang,,,,,pYW48,"302,894",,,,,tetR,,,,,,,,,,,,,,,Yes,,,No,,,,,
L2Tm_51,,C. trachomatis,L2434,CTL0246,Transposon,Transposon mutant,Archived,Yibing Wang,,,,,pYW48,"303,102",,,,,tetR,,,,,,,,,,,,,,,Yes,,,No,,,,,
L2Sm_01,,C. trachomatis,L2434,CTL0250,Transposon,Transposon mutant,Archived,Yibing Wang,,,,,pYW48,"312,864",,,,,specR,,,,,,,,,,,,,,,Yes,,,No,,,,,
L2Tm_9,,C. trachomatis,L2434,IGR,Transposon,Transposon mutant,Archived,Yibing Wang,,,,,pYW48,"143,476",,,,,tetR,,,,,,,,,,,,,,,Yes,,,No,,,,,
L2Tm_7,,C. trachomatis,L2434,IGR,Transposon,Transposon mutant,Archived,Yibing Wang,,,,,pYW48,"160,990",,,,,tetR,,,,,,,,,,,,,,,Yes,,,No,,,,,
L2Tm_24,,C. trachomatis,L2434,IGR,Transposon,Transposon mutant,Archived,Yibing Wang,,,,,pYW48,"200,464",,,,,tetR,,,,,,,,,,,,,,,Yes,,,No,,,,,
L2Tm_43,,C. trachomatis,L2434,CTL0228,Transposon,Transposon mutant,Archived,Yibing Wang,,,,,pYW48,"284,929",,,,,tetR,,,,,,,,,,,,,,,Yes,,,No,,,,,
L2Tm_1,,C. trachomatis,L2434,IGR,Transposon,Transposon mutant,Archived,Yibing Wang,,,,,pYW48,"287,645",,,,,tetR,,,,,,,,,,,,,,,Yes,,,No,,,,,
L2Tm_65,,C. trachomatis,L2434,IGR,Transposon,Transposon mutant,Archived,Yibing Wang,,,,,pYW48,"317,939",,,,,tetR,,,,,,,,,,,,,,,Yes,,,No,,,,,
L2Tm_15,,C. trachomatis,L2434,IGR,Transposon,Transposon mutant,Archived,Yibing Wang,,,,,pYW48,"323,960",,,,,tetR,,,,,,,,,,,,,,,Yes,,,No,,,,,
L2Tm_22c,,C. trachomatis,L2434,IGR,Transposon,Transposon mutant,Archived,Yibing Wang,,,,,pYW48,"459,228",,,,,tetR,,,,,,,,,,,,,,,Yes,,,No,,,,,
L2Tm_35,,C. trachomatis,L2434,IGR,Transposon,Transposon mutant,Archived,Yibing Wang,,,,,pYW48,"503,417",,,,,tetR,,,,,,,,,,,,,,,Yes,,,No,,,,,
L2Tm_58,,C. trachomatis,L2434,IGR,Transposon,Transposon mutant,Archived,Yibing Wang,,,,,pYW48,"506,150",,,,,tetR,,,,,,,,,,,,,,,Yes,,,No,,,,,
L2Tm_2,,C. trachomatis,L2434,IGR,Transposon,Transposon mutant,Archived,Yibing Wang,,,,,pYW48,"545,999",,,,,tetR,,,,,,,,,,,,,,,Yes,,,No,,,,,
L2Tm_25,,C. trachomatis,L2434,IGR,Transposon,Transposon mutant,Archived,Yibing Wang,,,,,pYW48,"558,696",,,,,tetR,,,,,,,,,Abnormal growth,,,,,,Yes,,,No,,,,,
L2Tm_55,,C. trachomatis,L2434,CTL0627,Transposon,Transposon mutant,Archived,Yibing Wang,,,,,pYW48,"744,854",,,,,tetR,,,,,,,,,,,,,,,Yes,,,No,,,,,
L2Tm_63,,C. trachomatis,L2434,IGR,Transposon,Transposon mutant,Archived,Yibing Wang,,,,,pYW48,"755,093",,,,,tetR,,,,,,,,,Abnormal growth,,,,,,Yes,,,No,,,,,
L2Tm_31,,C. trachomatis,L2434,IGR,Transposon,Transposon mutant,Archived,Yibing Wang,,,,,pYW48,"786,484",,,,,tetR,,,,,,,,,,,,,,,Yes,,,No,,,,,
L2Tm_41,,C. trachomatis,L2434,IGR,Transposon,Transposon mutant,Archived,Yibing Wang,,,,,pYW48,"809,513",,,,,tetR,,,,,,,,,,,,,,,Yes,,,No,,,,,
L2Tm_27,,C. trachomatis,L2434,IGR,Transposon,Transposon mutant,Archived,Yibing Wang,,,,,pYW48,"821,286",,,,,tetR,,,,,,,,,,,,,,,Yes,,,No,,,,,
L2Tm_16,,C. trachomatis,L2434,IGR,Transposon,Transposon mutant,Archived,Yibing Wang,,,,,pYW48,"853,296",,,,,tetR,,,,,,,,,,,,,,,Yes,,,No,,,,,
L2Tm_64,,C. trachomatis,L2434,IGR,Transposon,Transposon mutant,Archived,Yibing Wang,,,,,pYW48,"915,317",,,,,tetR,,,,,,,,,,,,,,,Yes,,,No,,,,,
L2Tm_53,,C. trachomatis,L2434,IGR,Transposon,Transposon mutant,Archived,Yibing Wang,,,,,pYW48,"916,324",,,,,tetR,,,,,,,,,,,,,,,Yes,,,No,,,,,
L2Tm_3,,C. trachomatis,L2434,IGR,Transposon,Transposon mutant,Archived,Yibing Wang,,,,,pYW48,"974,539",,,,,tetR,,,,,,,,,,,,,,,Yes,,,No,,,,,
L2Tm_4a,,C. trachomatis,L2434,IGR,Transposon,Transposon mutant,Archived,Yibing Wang,,,,,pYW48,"974,800",,,,,tetR,,,,,,,,,,,,,,,Yes,,,No,,,,,
L2Tm_42,,C. trachomatis,L2434,IGR,Transposon,Transposon mutant,Archived,Yibing Wang,,,,,pYW48,"980,279",,,,,tetR,,,,,,,,,,,,,,,Yes,,,No,,,,,
L2Tm_28a,,C. trachomatis,L2434,IGR,Transposon,Transposon mutant,Archived,Yibing Wang,,,,,pYW48,"991,937",,,,,tetR,,,,,,,,,,,,,,,Yes,,,No,,,,,
L2Tm_46,,C. trachomatis,L2434,IGR,Transposon,Transposon mutant,Archived,Yibing Wang,,,,,pYW48,"1,030,929",,,,,tetR,,,,,,,,,,,,,,,Yes,,,No,,,,,
L2Tm_54,,C. trachomatis,L2434,IGR,Transposon,Transposon mutant,Archived,Yibing Wang,,,,,pYW48,plasmid,,,,,tetR,,,,,,,,,,,,,,,Yes,,,No,,,,,
RC1005,TC0080-IGR-TC0081::TncL2/tetR-1005,Chimeras,L2434,,Chimera,Chimera,Archived,Bob Suchland,,,,,,,CTL0073,CTL0077,TC0077-TC0081,L2/tet9 parent,tetR camR,,,,02/05/2018,,,Yes,WGS,,,,,,,,,,,,,,,
RC101,TC0438::TncL2/tetR-101,Chimeras,,,Chimera,Chimera,Archived,Bob Suchland,,,,,,,CTL0407,CTL0449,TC0430-TC0470,L2/tet9 parent,,,,,,,,Yes,WGS,,,,,,,,,,,,,,,
RC102,TC0189::TncL2/tetR-102,Chimeras,,,Chimera,Chimera,Archived,Bob Suchland,,,,,,,CTL0175,CTL0177,TC0190-TC0193,L2/tet9 parent,,,,,,,,Yes,WGS,,,,,,,,,,,,,,,
RC1029,TC0080-IGR-TC0081::TncL2/tetR-1029,Chimeras,,,Chimera,Chimera,Archived,Bob Suchland,,,,,,,CTL0071,CTL0077,TC0075-TC0081,L2/tet9 parent,,,,,,,,Yes,WGS,,,,,,,,,,,,,,,
RC1034,TC0080-IGR-TC0081::TncL2/tetR-1034,Chimeras,L2434,,Chimera,Chimera,Archived,Bob Suchland,,,,,,,CTL0075,CTL0077,TC0079-TC0081,L2/tet9 parent,tetR camR,,,,,,,Yes,WGS,,,,,,,,,,,,,,,
RC104,TC0411::TncL2/tetR-104,Chimeras,,,Chimera,Chimera,Archived,Bob Suchland,,,,,,,CTL0381,CTL0449,TC0402-TC0470,L2/tet9 parent,,,,,,,,Yes,WGS,,,,,,,,,,,,,,,
RC1046,TC0080-IGR-TC0081::TncL2/tetR-1046,Chimeras,,,Chimera,Chimera,Archived,Bob Suchland,,,,,,,CTL0077,CTL0077,TC0801-TC0081,L2/tet9 parent,,,,,,,,Yes,WGS,,,,,,,,,,,,,,,
RC109,TC0411::TncL2/tetR-109,Chimeras,,,Chimera,Chimera,Archived,Bob Suchland,,,,,,,CTL0381,CTL0449,TC0402-TC0470,L2/tet9 parent,,,,,,,,Yes,WGS,,,,,,,,,,,,,,,
RC1113,TC0080-IGR-TC0081::TncL2/tetR-1113,Chimeras,,,Chimera,Chimera,Archived,Bob Suchland,,,,,,,CTL0077,CTL0077,TC0801-TC0081,L2/tet9 parent,,,,,,,,Yes,WGS,,,,,,,,,,,,,,,
RC1121,TC0080-IGR-TC0081::TncL2/tetR-1121,Chimeras,,,Chimera,Chimera,Archived,Bob Suchland,,,,,,,CTL0076,CTL0082,TC0080-TC0086,L2/tet9 parent,,,,,,,,Yes,WGS,,,,,,,,,,,,,,,
RC1123,TC0080-IGR-TC0081::TncL2/tetR-1123,Chimeras,L2434,,Chimera,Chimera,Archived,Bob Suchland,,,,,,,CTL0074,CTL0079,TC0078-TC0083,L2/tet9 parent,tetR camR,,,,,,,Yes,WGS,,,,,,,,,,,,,,,
RC1201,TC0431::TnxL2/tetR-1201,Chimeras,,,Chimera,Chimera,Archived,Bob Suchland,,,,,,,CTL0389,CTL0461,TC0411-TC0481,L2/tet9 parent,,,,,,,,Yes,WGS,,,,,,,,,,,,,,,
RC1203,TC0257::TnxL2/tetR-1203,Lucky 17,L2434,,Chimera,Lucky 17 collection,In vivo testing,Bob Suchland,,,,,,,CTL0222,CTL0259,TC0238-TC0272,L2/tet9 parent,tetR camR,,,,,,,Yes,WGS,,,,No,Tested in FRT of BL6 and BALBC mice,,,,,Yes,,"Coers, Starnbach",Yes,,
RC1219,TC0431::TnxL2/tetR-1219,Chimeras,,,Chimera,Chimera,Archived,Bob Suchland,,,,,,,CTL0404,CTL0449,TC0426-TC0470,L2/tet9 parent,,,,,,,,Yes,WGS,,,,,,,,,,,,,,,
RC1224,TC0431::TnxL2/tetR-1224,Chimeras,,,Chimera,Chimera,Archived,Bob Suchland,,,,,,,CTL0380,CTL0449,TC0401-TC0470,L2/tet9 parent,,,,,,,,Yes,WGS,,,,,,,,,,,,,,,
RC127,TC0610::TnxL2/tetR-127,Chimeras,,,Chimera,Chimera,Archived,Bob Suchland,,,,,,,CTL0540,CTL0567,TC0561-TC0589,L2/tet9 parent,,,,,,,,Yes,WGS,,,,,,,,,,,,,,,
RC1306,TC0431::TnxL2/tetR-1306,Chimeras,,,Chimera,Chimera,Archived,Bob Suchland,,,,,,,CTL0404,CTL0449,TC0426-TC0470,L2/tet9 parent,,,,,,,,Yes,WGS,,,,,,,,,,,,,,,
RC1323,TC0431::TnxL2/tetR-1323,Chimeras,,,Chimera,Chimera,Archived,Bob Suchland,,,,,,,CTL0403,CTL0449,TC0425-TC0470,L2/tet9 parent,,,,,,,,Yes,WGS,,,,,,,,,,,,,,,
RC1324,TC0080-IGR-TC0081::TncL2/tetR-1324,Chimeras,,,Chimera,Chimera,Archived,Bob Suchland,,,,,,,CTL0077,CTL0077,TC0801-TC0801,L2/tet9 parent,,,,,,,,Yes,WGS,,,,,,,,,,,,,,,
RC1343,TC0189::TncL2/tetR-1343,Chimeras,L2434,,Chimera,Chimera,Archived,Bob Suchland,,,,,,,CTL0168,CTL0182,TC0182-TC0196,L2/tet9 parent,tetR camR,,,,,,,Yes,WGS,,,,,,,,,,,,,,,
RC1361,TC0080-IGR-TC0081::TncL2/tetR-1361,Chimeras,,,Chimera,Chimera,Archived,Bob Suchland,,,,,,,,,,L2/tet9 parent,,,,,,,,Yes,WGS,,,,,,,,,,,,,,,
RC137,KU2043c768-137,Chimeras,,,Chimera,Chimera,Archived,Bob Suchland,,,,,,,,,,RC767 parent,,,,,,,,Yes,WGS,,,,,,,,,,,,,,,
RC138,TC0411::TncL2/tetR-138,Chimeras,,,Chimera,Chimera,Archived,Bob Suchland,,,,,,,CTL0381,CTL0449,TC0402-TC0470,L2/tet9 parent,,,,,,,,Yes,WGS,,,,,,,,,,,,,,,
RC1393,TC0080-IGR-TC0081::TncL2/tetR-1393,Chimeras,,,Chimera,Chimera,Archived,Bob Suchland,,,,,,,CTL0075,CTL0080,TC0079-TC0084,L2/tet9 parent,,,,,,,,Yes,WGS,,,,,,,,,,,,,,,
RC14,TC0610::TnxL2/tetR-14,Chimeras,,,Chimera,Chimera,Archived,Bob Suchland,,,,,,,CTL0538,CTL0569,TC0559-TC0591,L2/tet9 parent,,,,,,,,Yes,WGS,,,,,,,,,,,,,,,
RC141,KU2043c104-141,Lucky 17,L2434,,Chimera,Lucky 17 collection,In vivo testing,Bob Suchland,,,,,,,CTL0381,CTL0481,TC0402-TC0500,RC104 parent,tetR camR,,,,,,,Yes,WGS,Yes,IFNγ sensitive (garD),,No,Tested in FRT of BL6 and BALBC mice,,,,,Yes,,"Coers, Starnbach",Yes,,
RC1420,TC0431::TnxL2/tetR-1420,Chimeras,L2434,,Chimera,Chimera,Archived,Bob Suchland,,,,,,,CTL0384,CTL0449,TC0405-TC0470,L2/tet9 parent,tetR camR,,,,,,,Yes,WGS,,,,,,,,,,,,,,,
RC145,TC0189::TncL2/tetR-145,Chimeras,,,Chimera,Chimera,Archived,Bob Suchland,,,,,,,CTL0171,CTL0199,TC0185-TC0214,L2/tet9 parent,,,,,,,,Yes,WGS,,,,,,,,,,,,,,,
RC1503,TC0189::TncL2/tetR-1503,Chimeras,L2434,,Chimera,Chimera,Archived,Bob Suchland,,,,,,,CTL0156,CTL0177,TC0171-TC0193,L2/tet9 parent,tetR camR,,,,,,,Yes,WGS,,,,,,,,,,,,,,,
RC1540,TC0431::TnxL2/tetR-1540,Chimeras,,,Chimera,Chimera,Archived,Bob Suchland,,,,,,,CTL0379,CTL0449,TC0400-TC0470,L2/tet9 parent,,,,,,,,Yes,WGS,,,,,,,,,,,,,,,
RC1557,TC0431::TnxL2/tetR-1557,Chimeras,,,Chimera,Chimera,Archived,Bob Suchland,,,,,,,CTL0381,CTL0449,TC0402-TC0470,L2/tet9 parent,,,,,,,,Yes,WGS,,,,,,,,,,,,,,,
RC1560,TC0431::TnxL2/tetR-1560,Chimeras,,,Chimera,Chimera,Archived,Bob Suchland,,,,,,,CTL0381,CTL0449,TC0402-TC0470,L2/tet9 parent,,,,,,,,Yes,WGS,,,,,,,,,,,,,,,
RC1645,TC0080-IGR-TC0081::TncL2/tetR-1645,Chimeras,L2434,,Chimera,Chimera,Archived,Bob Suchland,,,,,,,CTL0076,CTL0077,TC0080-TC0081,L2/tet9 parent,tetR camR,,,,,,,Yes,WGS,,,,,,,,,,,,,,,
RC1650,TC0189::TncL2/tetR-1650,Lucky 17,L2434,,Chimera,Lucky 17 collection,In vivo testing,Bob Suchland,,,,,,,CTL0155,CTL0199,TC0170-TC0214,L2/tet9 parent,tetR camR,,,,,,,Yes,WGS,,,,No,Tested in FRT of BL6 and BALBC mice,,,,,Yes,,"Coers, Starnbach",Yes,,
RC1673,TC0431::TnxL2/tetR-1673,Chimeras,,,Chimera,Chimera,Archived,Bob Suchland,,,,,,,CTL0380,CTL0449,TC0401-TC0470,L2/tet9 parent,,,,,,,,Yes,WGS,,,,,,,,,,,,,,,
RC1692,TC0189::TncL2/tetR-1692,Chimeras,,,Chimera,Chimera,Archived,Bob Suchland,,,,,,,CTL0172,CTL0197,TC0186-TC0212,L2/tet9 parent,,,,,,,,Yes,WGS,,,,,,,,,,,,,,,
RC1696,TC0189::TncL2/tetR-1696,Lucky 17,L2434,,Chimera,Lucky 17 collection,In vivo testing,Bob Suchland,,,,,,,CTL0168,CTL0219,TC0182-TC0235,L2/tet9 parent,tetR camR,,,,,,,Yes,WGS,,,,No,Tested in FRT of BL6 and BALBC mice,,,,,Yes,,"Coers, Starnbach",Yes,,
RC1705,TC0431::TnxL2/tetR-1705,Chimeras,,,Chimera,Chimera,Archived,Bob Suchland,,,,,,,CTL0402,CTL0449,TC0424-TC0470,L2/tet9 parent,,,,,,,,Yes,WGS,,,,,,,,,,,,,,,
RC2043,KU2043,Chimeras,,,Chimera,Chimera,Archived,Bob Suchland,,,,,,,,,,L2/tet9 parent,,,,,,,,Yes,WGS,,,,,,,,,,,,,,,
RC2104,TC0828::TncL2/tetR-2104,Chimeras,,,Chimera,Chimera,Archived,Bob Suchland,,,,,,,CTL0752,CTL0754,TC0778-TC0780,L2/tet9 parent,,,,,,,,Yes,WGS,,,,,,,,,,,,,,,
RC2112,TC0828::TncL2/tetR-2112,Chimeras,L2434,,Chimera,Chimera,Archived,Bob Suchland,,,,,,,CTL0743,CTL0755,TC0769-TC0781,L2/tet9 parent,,,,,,,,Yes,WGS,,,,,,,,,,,,,,,
RC212,TC0657::TnxL2/tetR-212,Chimeras,,,Chimera,Chimera,Archived,Bob Suchland,,,,,,,CTL0567,CTL0619,TC0589-TC0644,L2/tet9 parent,,,,,,,,Yes,WGS,,,,,,,,,,,,,,,
RC215,KU2043c768-215,Chimeras,,,Chimera,Chimera,Archived,Bob Suchland,,,,,,,,,,RC768 parent,,,,,,,,Yes,WGS,,,,,,,,,,,,,,,
RC2180,TC0743::TncL2/tetR-2180,Lucky 17,L2434,,Chimera,Lucky 17 collection,In vivo testing,Bob Suchland,,,,,,,CTL0681,CTL0730,TC0705-TC0755,L2/tet9 parent,tetR camR,,,,,,,Yes,WGS,,,,No,Tested in FRT of BL6 and BALBC mice,,,,,Yes,,"Coers, Starnbach",Yes,,
RC222,TC0878::TnxL2/tetR-222,Chimeras,,,Chimera,Chimera,Archived,Bob Suchland,,,,,,,,,,L2/tet9 parent,,,,,,,,Yes,WGS,,,,,,,,,,,,,,,
RC2220,TC0828::TncL2/tetR-2220,Lucky 17,L2434,,Chimera,Lucky 17 collection,In vivo testing,Bob Suchland,,,,,,,CTL0714,CTL0754,TC0739-TC0780,L2/tet9 parent,tetR camR,,,,,,,Yes,WGS,,,,No,Tested in FRT of BL6 and BALBC mice,,,,,Yes,,"Coers, Starnbach",Yes,,
RC2246,TC0828::TncL2/tetR-2246,Chimeras,,,Chimera,Chimera,Archived,Bob Suchland,,,,,,,CTL0750,CTL0755,TC0776-TC0781,L2/tet9 parent,,,,,,,,Yes,WGS,,,,,,,,,,,,,,,
RC225,TC0435::TncL2/tetR-225,Chimeras,,,Chimera,Chimera,Archived,Bob Suchland,,,,,,,CTL0381,CTL0449,TC0402-TC0470,L2/tet9 parent,,,,,,,,Yes,WGS,,,,,,,,,,,,,,,
RC227,TC0189::TncL2/tetR-227,Chimeras,,,Chimera,Chimera,Archived,Bob Suchland,,,,,,,CTL0170,CTL0177,TC0184-TC0193,L2/tet9 parent,,,,,,,,Yes,WGS,,,,,,,,,,,,,,,
RC228,TC0435::TncL2/tetR-228,Chimeras,,,Chimera,Chimera,Archived,Bob Suchland,,,,,,,CTL0395,CTL0449,TC0417-TC0470,L2/tet9 parent,,,,,,,,Yes,WGS,,,,,,,,,,,,,,,
RC2343,TC0302::TncL2/tetR-2343,Chimeras,,,Chimera,Chimera,Archived,Bob Suchland,,,,,,,CTL0287,CTL0302,TC0301-TC0316,L2/tet9 parent,,,,,,,,Yes,WGS,,,,,,,,,,,,,,,
RC237,TC0189::TncL2/tetR-237,Chimeras,,,Chimera,Chimera,Archived,Bob Suchland,,,,,,,CTL0171,CTL0177,TC0185-TC0193,L2/tet9 parent,,,,,,,,Yes,WGS,,,,,,,,,,,,,,,
RC2414,TC0530::TncL2/tetR-2414,Chimeras,L2434,,Chimera,Chimera,Archived,Bob Suchland,,,,,,,CTL0424,CTL0503,TC0446-TC0522,L2/tet9 parent,,,,,,,,Yes,WGS,,,,,,,,,,,,,,,
RC2415,TC0530::TncL2/tetR-2415,Chimeras,,,Chimera,Chimera,Archived,Bob Suchland,,,,,,,CTL0440,CTL0486,TC0460-TC0505,L2/tet9 parent,,,,,,,,Yes,WGS,,,,,,,,,,,,,,,
RC2418,TC0530::TncL2/tetR-2418,Lucky 17,L2434,,Chimera,Lucky 17 collection,In vivo testing,Bob Suchland,,,,,,,CTL0419,CTL0489,TC0434-TC0508,L2/tet9 parent,tetR camR,,,,,,,Yes,WGS,,,,No,Tested in FRT of BL6 and BALBC mice,,,,,Yes,,"Coers, Starnbach",Yes,,
RC2435,TC0530::TncL2/tetR-2435,Chimeras,,,Chimera,Chimera,Archived,Bob Suchland,,,,,,,CTL0419,CTL0486,TC0446-TC0505,L2/tet9 parent,,,,,,,,Yes,WGS,,,,,,,,,,,,,,,
RC2457,TC0530::TncL2/tetR-2457,Lucky 17,L2434,,Chimera,Lucky 17 collection,In vivo testing,Bob Suchland,,,,,,,CTL0437,CTL0503,TC0457-TC0522,L2/tet9 parent,tetR camR,,,,,,,Yes,WGS,,,,No,Tested in FRT of BL6 and BALBC mice,,,,,Yes,,"Coers, Starnbach",Yes,,
RC254,TC0610::TnxL2/tetR-254,Chimeras,,,Chimera,Chimera,Archived,Bob Suchland,,,,,,,CTL0547,CTL0572,TC0568-TC0594,L2/tet9 parent,,,,,,,,Yes,WGS,,,,,,,,,,,,,,,
RC259,TC0431::TnxL2/tetR-259,Chimeras,L2434,,Chimera,Chimera,Archived,Bob Suchland,,,,,,,CTL0382,CTL0449,TC0403-TC0470,L2/tet9 parent,,,,,,,,Yes,WGS,,,,,,,,,,,,,,,
RC26,TC0657::TnxL2/tetR-26,Chimeras,,,Chimera,Chimera,Archived,Bob Suchland,,,,,,,CTL0539,CTL0620,TC0560-TC0645,L2/tet9 parent,,,,,,,,Yes,WGS,,,,,,,,,,,,,,,
RC2649,TC0212::TncL2/tetR-2649,Chimeras,,,Chimera,Chimera,Archived,Bob Suchland,,,,,,,CTL0196,CTL0209,TC0211-TC0225,L2/tet9 parent,,,,,,,,Yes,WGS,,,,,,,,,,,,,,,
RC27,TC0326::TnxL2/tetR-27,Lucky 17,L2434,,Chimera,Lucky 17 collection,In vivo testing,Bob Suchland,,,,,,,CTL0274,CTL0320,TC0288-TC0334,L2/tet9 parent,tetR camR,,,,,,,Yes,WGS,,,,No,Tested in FRT of BL6 and BALBC mice,,,,,Yes,,"Coers, Starnbach",Yes,,
RC28,TC0302::TncL2/tetR-28,Chimeras,,,Chimera,Chimera,Archived,Bob Suchland,,,,,,,CTL0287,CTL0302,TC0301-TC0316,L2/tet9 parent,,,,,,,,Yes,WGS,,,,,,,,,,,,,,,
RC299,TC0189::TncL2/tetR-299,Chimeras,L2434,,Chimera,Chimera,Archived,Bob Suchland,,,,,,,CTL0169,CTL0182,TC0183-TC0196,L2/tet9 parent,,,,,,,,Yes,WGS,,,,,,,,,,,,,,,
RC301,TC0257::TnxL2/tetR-301,Chimeras,L2434,,Chimera,Chimera,Archived,Bob Suchland,,,,,,,CTL0244,CTL0248,TC0256-TC0261,L2/tet9 parent,,,,,,,,Yes,WGS,,,,,,,,,,,,,,,
RC302,TC0865-IGR-TC0866::TncL2/tetR-302,Chimeras,,,Chimera,Chimera,Archived,Bob Suchland,,,,,,,CTL0788,CTL0839,TC0813-TC0865,L2/tet9 parent,,,,,,,,Yes,WGS,,,,,,,,,,,,,,,
RC307,TC0189::TncL2/tetR-307,Chimeras,,,Chimera,Chimera,Archived,Bob Suchland,,,,,,,CTL0172,CTL0182,TC0186-TC0196,L2/tet9 parent,,,,,,,,Yes,WGS,,,,,,,,,,,,,,,
RC3106,KU3106,Chimeras,,,Chimera,Chimera,Archived,Bob Suchland,,,,,,,,,,L2/tet9 parent,,,,,,,,Yes,WGS,,,,,,,,,,,,,,,
RC317,TC0189::TncL2/tetR-317,Chimeras,,,Chimera,Chimera,Archived,Bob Suchland,,,,,,,CTL0162,CTL0175,TC0175-TC0190,L2/tet9 parent,,,,,,,,Yes,WGS,,,,,,,,,,,,,,,
RC322,TC0865-IGR-TC0866::TncL2/tetR-322,Lucky 17,L2434,,Chimera,Lucky 17 collection,In vivo testing,Bob Suchland,,,,,,,CTL0787,CTL0840,TC0812-TC0866,L2/tet9 parent,tetR camR,,,,,,,Yes,WGS,,,,No,Tested in FRT of BL6 and BALBC mice,,,,,Yes,,"Coers, Starnbach",Yes,,
RC3220,KU3220,Chimeras,,,Chimera,Chimera,Archived,Bob Suchland,,,,,,,,,,L2/tet9 parent,,,,,,,,Yes,WGS,,,,,,,,,,,,,,,
RC336,TC0878::TnxL2/tetR-336,Chimeras,,,Chimera,Chimera,Archived,Bob Suchland,,,,,,,,,,L2/tet9 parent,,,,,,,,Yes,WGS,,,,,,,,,,,,,,,
RC346,TC0189::TncL2/tetR-346,Chimeras,,,Chimera,Chimera,Archived,Bob Suchland,,,,,,,,,,L2/tet9 parent,,,,,,,,Yes,WGS,,,,,,,,,,,,,,,
RC347,TC0865-IGR-TC0866::TncL2/tetR-347,Chimeras,,,Chimera,Chimera,Archived,Bob Suchland,,,,,,,,,,L2/tet9 parent,,,,,,,,Yes,WGS,,,,,,,,,,,,,,,
RC348,TC0743::TncL2/tetR-348,Chimeras,,,Chimera,Chimera,Archived,Bob Suchland,,,,,,,,,,L2/tet9 parent,,,,,,,,Yes,WGS,,,,,,,,,,,,,,,
RC3501,TC0693::TncL2/tetR-3501,Chimeras,L2434,,Chimera,Chimera,Archived,Bob Suchland,,,,,,,CTL0623,CTL0669,TC0648-TC0693,L2/tet9 parent,,,,,,,,Yes,WGS,,,,,,,,,,,,,,,
RC3509,TC0693::TncL2/tetR-3509,Chimeras,,,Chimera,Chimera,Archived,Bob Suchland,,,,,,,,,,L2/tet9 parent,,,,,,,,Yes,WGS,,,,,,,,,,,,,,,
RC3516,TC0693::TncL2/tetR-3516,Chimeras,L2434,,Chimera,Chimera,Archived,Bob Suchland,,,,,,,CTL0625,CTL0657,TC0650-TC0680,L2/tet9 parent,,,,,,,,Yes,WGS,,,,,,,,,,,,,,,
RC3536,TC0693::TncL2/tetR-3536,Chimeras,L2434,,Chimera,Chimera,Archived,Bob Suchland,,,,,,,CTL0621,CTL0656,TC0646-TC0679,L2/tet9 parent,,,,,,,,Yes,WGS,,,,,,,,,,,,,,,
RC3539,TC0212::TncL2/tetR-3539,Chimeras,,,Chimera,Chimera,Archived,Bob Suchland,,,,,,,,,,L2/tet9 parent,,,,,,,,Yes,WGS,,,,,,,,,,,,,,,
RC3543,TC0693::TncL2/tetR-3543,Chimeras,,,Chimera,Chimera,Archived,Bob Suchland,,,,,,,,,,L2/tet9 parent,,,,,,,,Yes,WGS,,,,,,,,,,,,,,,
RC3549,TC0693::TncL2/tetR-3549,Chimeras,L2434,,Chimera,Chimera,Archived,Bob Suchland,,,,,,,CTL0639,CTL0660,TC0662-TC0683,L2/tet9 parent,,,,,,,,Yes,WGS,,,,,,,,,,,,,,,
RC3557,TC0693::TncL2/tetR-3557,Chimeras,L2434,,Chimera,Chimera,Archived,Bob Suchland,,,,,,,CTL0623,CTL0651,TC0648-TC0674,L2/tet9 parent,,,,,,,,Yes,WGS,,,,,,,,,,,,,,,
RC3566,TC0693::TncL2/tetR-3566,Chimeras,L2434,,Chimera,Chimera,Archived,Bob Suchland,,,,,,,CTL0623,CTL0651,TC0648-TC0674,L2/tet9 parent,,,,,,,,Yes,WGS,,,,,,,,,,,,,,,
RC3572,TC0693::TncL2/tetR-3572,Chimeras,,,Chimera,Chimera,Archived,Bob Suchland,,,,,,,,,,L2/tet9 parent,,,,,,,,Yes,WGS,,,,,,,,,,,,,,,
RC3580,TC0693::TncL2/tetR-3580,Chimeras,,,Chimera,Chimera,Archived,Bob Suchland,,,,,,,,,,L2/tet9 parent,,,,,,,,Yes,WGS,,,,,,,,,,,,,,,
RC3583,TC0693::TncL2/tetR-3583,Chimeras,,,Chimera,Chimera,Archived,Bob Suchland,,,,,,,,,,L2/tet9 parent,,,,,,,,Yes,WGS,,,,,,,,,,,,,,,
RC3594,TC0693::TncL2/tetR-3594,Chimeras,L2434,,Chimera,Chimera,Archived,Bob Suchland,,,,,,,CTL0624,CTL0660,TC0649-TC0683,L2/tet9 parent,,,,,,,,Yes,WGS,,,,,,,,,,,,,,,
RC3660,TC0212::TncL2/tetR-3660,Chimeras,,,Chimera,Chimera,Archived,Bob Suchland,,,,,,,,,,L2/tet9 parent,,,,,,,,Yes,WGS,,,,,,,,,,,,,,,
RC3666,TC0212::TncL2/tetR-3666,Chimeras,L2434,,Chimera,Chimera,Archived,Bob Suchland,,,,,,,CTL0193,CTL0204,TC0208-TC0219,L2/tet9 parent,,,,,,,,Yes,WGS,,,,,,,,,,,,,,,
RC3686,TC0212::TncL2/tetR-3686,Chimeras,,,Chimera,Chimera,Archived,Bob Suchland,,,,,,,,,,L2/tet9 parent,,,,,,,,Yes,WGS,,,,,,,,,,,,,,,
RC3694,TC0212::TncL2/tetR-3694,Chimeras,,,Chimera,Chimera,Archived,Bob Suchland,,,,,,,,,,L2/tet9 parent,,,,,,,,Yes,WGS,,,,,,,,,,,,,,,
RC373,TC0610::TnxL2/tetR-373,Chimeras,,,Chimera,Chimera,Archived,Bob Suchland,,,,,,,,,,L2/tet9 parent,,,,,,,,Yes,WGS,,,,,,,,,,,,,,,
RC3750,TC0693::TncL2/tetR-3750,Chimeras,,,Chimera,Chimera,Archived,Bob Suchland,,,,,,,,,,L2/tet9 parent,,,,,,,,Yes,WGS,,,,,,,,,,,,,,,
RC376,TC0435::TncL2/tetR-376,Chimeras,,,Chimera,Chimera,Archived,Bob Suchland,,,,,,,,,,L2/tet9 parent,,,,,,,,Yes,WGS,,,,,,,,,,,,,,,
RC3767,TC0693::TncL2/tetR-3767,Chimeras,,,Chimera,Chimera,Archived,Bob Suchland,,,,,,,,,,L2/tet9 parent,,,,,,,,Yes,WGS,,,,,,,,,,,,,,,
RC3772,TC0693::TncL2/tetR-3772,Chimeras,,,Chimera,Chimera,Archived,Bob Suchland,,,,,,,,,,L2/tet9 parent,,,,,,,,Yes,WGS,,,,,,,,,,,,,,,
RC3796,TC0693::TncL2/tetR-3796,Chimeras,L2434,,Chimera,Chimera,Archived,Bob Suchland,,,,,,,CTL0630,CTL0666,TC0655-TC0690,L2/tet9 parent,,,,,,,,Yes,WGS,,,,,,,,,,,,,,,
RC38,TC0031::TnxL2/rifR-38,Chimeras,L2434,,Chimera,Chimera,Archived,Bob Suchland,,,,,,,CTL0027,CTL0030,TC0030-TC0032,L2/74 parent,,,,,,,,Yes,WGS,,,,,,,,,,,,,,,
RC3814a,TC0019-IGR-TC0020::TncL2/tetR-3814,Lucky 17,L2434,,Chimera,Lucky 17 collection,In vivo testing,Bob Suchland,,,,,,,CTL0859,CTL0029,-TC0031,L2/tet9 parent,tetR camR,,,,,,,Yes,WGS,,,,No,Tested in FRT of BL6 and BALBC mice,,,,,Yes,,"Coers, Starnbach",Yes,,
RC3814b,TC0019-IGR-TC0020::TncL2/tetR-3814,Lucky 17,L2434,,Chimera,Lucky 17 collection,In vivo testing,Bob Suchland,,,,,,,CTL0018,CTL0041,TC0019-TC0043,L2/tet9 parent,tetR camR,,,,,,,Yes,WGS,,,,No,Tested in FRT of BL6 and BALBC mice,,,,,Yes,,"Coers, Starnbach",Yes,,
RC3834,TC0019-IGR-TC0020::TncL2/tetR-3834,Lucky 17,L2434,,Chimera,Lucky 17 collection,In vivo testing,Bob Suchland,,,,,,,CTL0018,CTL0041,TC0019-TC0043,L2/tet9 parent,tetR camR,,,,,,,Yes,WGS,,,,No,Tested in FRT of BL6 and BALBC mice,,,,,Yes,,"Coers, Starnbach",Yes,,
RC3837,TC0693::TncL2/tetR-3837,Chimeras,,,Chimera,Chimera,Archived,Bob Suchland,,,,,,,,,,L2/tet9 parent,,,,,,,,Yes,WGS,,,,,,,,,,,,,,,
RC39,TC0435::TncL2/tetR-39,Chimeras,,,Chimera,Chimera,Archived,Bob Suchland,,,,,,,,,,L2/tet9 parent,,,,,,,,Yes,WGS,,,,,,,,,,,,,,,
RC403,TC0657::TnxL2/tetR-403,Chimeras,L2434,,Chimera,Chimera,Archived,Bob Suchland,,,,,,,CTL0568,CTL0614,TC0590-TC0639,L2/tet9 parent,,,,,,,,Yes,WGS,,,,,,,,,,,,,,,
RC4102,TC0080-IGR-TC0081::TncL2/tetR-4102,Chimeras,L2434,,Chimera,Chimera,Archived,Bob Suchland,,,,,,,CTL0074,CTL0079,TC0078-TC0083,L2/tet9 parent,,,,,,,,Yes,WGS,,,,,,,,,,,,,,,
RC412,TC0865-IGR-TC0866::TncL2/tetR-412,Chimeras,,,Chimera,Chimera,Archived,Bob Suchland,,,,,,,,,,L2/tet9 parent,,,,,,,,Yes,WGS,,,,,,,,,,,,,,,
RC4120,TC0080-IGR-TC0081::TncL2/tetR-4120,Chimeras,,,Chimera,Chimera,Archived,Bob Suchland,,,,,,,,,,L2/tet9 parent,,,,,,,,Yes,WGS,,,,,,,,,,,,,,,
RC415,TC0657::TnxL2/tetR-415,Chimeras,L2434,,Chimera,Chimera,Archived,Bob Suchland,,,,,,,CTL0538,CTL0623,TC0559-TC0648,L2/tet9 parent,,,,,,,,Yes,WGS,,,,,,,,,,,,,,,
RC4202,TC0080-IGR-TC0081::TncL2/tetR-4202,Chimeras,,,Chimera,Chimera,Archived,Bob Suchland,,,,,,,,,,L2/tet9 parent,,,,,,,,Yes,WGS,,,,,,,,,,,,,,,
RC4227,TC0080-IGR-TC0081::TncL2/tetR-4227,Chimeras,L2434,,Chimera,Chimera,Archived,Bob Suchland,,,,,,,CTL0075,CTL0077,TC0079-TC0081,L2/tet9 parent,,,,,,,,Yes,WGS,,,,,,,,,,,,,,,
RC4243,TC0080-IGR-TC0081::TncL2/tetR-4243,Lucky 17,L2434,,Chimera,Lucky 17 collection,In vivo testing,Bob Suchland,,,,,,,CTL0060,CTL0079,TC0063-TC0083,L2/tet9 parent,tetR camR,,,,,,,Yes,WGS,,,,No,Tested in FRT of BL6 and BALBC mice,,,,,Yes,,"Coers, Starnbach",Yes,,
RC427,TC0435::TncL2/tetR-427,Chimeras,,,Chimera,Chimera,Archived,Bob Suchland,,,,,,,,,,L2/tet9 parent,,,,,,,,Yes,WGS,,,,,,,,,,,,,,,
RC435,TC0435::TncL2/tetR-435,Lucky 17,L2434,,Chimera,Lucky 17 collection,In vivo testing,Bob Suchland,,,,,,,CTL0346,CTL0448,TC0366-TC0469,L2/tet9 parent,tetR camR,,,,,,,Yes,WGS,Yes,IFNγ sensitive (garD),,No,Tested in FRT of BL6 and BALBC mice,,,,,Yes,,"Coers, Starnbach",Yes,,
RC458,TC0259::TnxL2/tetR-458,Chimeras,,,Chimera,Chimera,Archived,Bob Suchland,,,,,,,,,,L2/tet9 parent,,,,,,,,Yes,WGS,,,,,,,,,,,,,,,
RC473,TC0865-IGR-TC0866::TncL2/tetR-473,Chimeras,L2434,,Chimera,Chimera,Archived,Bob Suchland,,,,,,,CTL0777,CTL0811,TC0802-TC0837,L2/tet9 parent,,,,,,,,Yes,WGS,,,,,,,,,,,,,,,
RC49,TC0438::TncL2/tetR-49,Chimeras,,,Chimera,Chimera,Archived,Bob Suchland,,,,,,,,,,L2/tet9 parent,,,,,,,,Yes,WGS,,,,,,,,,,,,,,,
RC499,TC0865-IGR-TC0866::TncL2/tetR-499,Chimeras,,,Chimera,Chimera,Archived,Bob Suchland,,,,,,,,,,L2/tet9 parent,,,,,,,,Yes,WGS,,,,,,,,,,,,,,,
RC53,TC0610::TnxL2/tetR-14xCM - 53,Chimeras,,,Chimera,Chimera,Archived,Bob Suchland,,,,,,,,,,L2/tet9 parent,,,,,,,,Yes,WGS,,,,,,,,,,,,,,,
RC6008,TC0575::TncL2/tetR-6008,Chimeras,L2434,,Chimera,Chimera,Archived,Bob Suchland,,,,,,,CTL0538,CTL0566,TC0559-TC0588,L2/tet9 parent,,,,,,,,Yes,WGS,,,,,,,,,,,,,,,
RC6041,TC0575::TncL2/tetR-6041,Chimeras,,,Chimera,Chimera,Archived,Bob Suchland,,,,,,,,,,L2/tet9 parent,,,,,,,,Yes,WGS,,,,,,,,,,,,,,,
RC6088,TC0575::TncL2/tetR-6088,Chimeras,,,Chimera,Chimera,Archived,Bob Suchland,,,,,,,,,,L2/tet9 parent,,,,,,,,Yes,WGS,,,,,,,,,,,,,,,
RC6309,TC0913-IGR-TC0914::TncL2/tetR-6309,Chimeras,,,Chimera,Chimera,Archived,Bob Suchland,,,,,,,,,,L2/tet9 parent,,,,,,,,Yes,WGS,,,,,,,,,,,,,,,
RC6353,TC0913-IGR-TC0914::TncL2/tetR-6353,Chimeras,,,Chimera,Chimera,Archived,Bob Suchland,,,,,,,,,,L2/tet9 parent,,,,,,,,Yes,WGS,,,,,,,,,,,,,,,
RC6362,TC0913-IGR-TC0914::TncL2/tetR-6362,Chimeras,,,Chimera,Chimera,Archived,Bob Suchland,,,,,,,,,,L2/tet9 parent,,,,,,,,Yes,WGS,,,,,,,,,,,,,,,
RC6389,TC0913-IGR-TC0914::TncL2/tetR-6389,Lucky 17,L2434,,Chimera,Lucky 17 collection,In vivo testing,Bob Suchland,,,,,,,CTL0845,CTL0859,TC0871-TC0884,L2/tet9 parent,tetR camR,,,,,,,Yes,WGS,,,,No,Tested in FRT of BL6 and BALBC mice,,,,,Yes,,"Coers, Starnbach",Yes,,
RC658,TC0657::TnxL2/tetR-658,Lucky 17,L2434,,Chimera,Lucky 17 collection,In vivo testing,Bob Suchland,,,,,,,CTL0505,CTL0612,TC0525-TC0637,L2/tet9 parent,tetR camR,,,,,,,Yes,WGS,,,,No,Tested in FRT of BL6 and BALBC mice,,,,,Yes,,"Coers, Starnbach",Yes,,
RC6801,TC0693::TncL2/tetR-6801,Chimeras,,,Chimera,Chimera,Archived,Bob Suchland,,,,,,,,,,L2/tet9 parent,,,,,,,,Yes,WGS,,,,,,,,,,,,,,,
RC6833,TC0693::TncL2/tetR-6833,Chimeras,,,Chimera,Chimera,Archived,Bob Suchland,,,,,,,,,,L2/tet9 parent,,,,,,,,Yes,WGS,,,,,,,,,,,,,,,
RC6882,TC0693::TncL2/tetR-6882,Lucky 17,L2434,,Chimera,Lucky 17 collection,In vivo testing,Bob Suchland,,,,,,,CTL0609,CTL0671,TC0634-TC0695,L2/tet9 parent,tetR camR,,,,,,,Yes,WGS,,,,No,Tested in FRT of BL6 and BALBC mice,,,,,Yes,,"Coers, Starnbach",Yes,,
RC6903,TC0693::TncL2/tetR-6903,Chimeras,,,Chimera,Chimera,Archived,Bob Suchland,,,,,,,,,,L2/tet9 parent,,,,,,,,Yes,WGS,,,,,,,,,,,,,,,
RC6936,TC0693::TncL2/tetR-6936,Chimeras,,,Chimera,Chimera,Archived,Bob Suchland,,,,,,,,,,L2/tet9 parent,,,,,,,,Yes,WGS,,,,,,,,,,,,,,,
RC734,TC0431::TnxL2/tetR-734,Chimeras,,,Chimera,Chimera,Archived,Bob Suchland,,,,,,,,,,L2/tet9 parent,,,,,,,,Yes,WGS,,,,,,,,,,,,,,,
RC744,TC0259::TnxL2/tetR-744,Chimeras,,,Chimera,Chimera,Archived,Bob Suchland,,,,,,,,,,L2/tet9 parent,,,,,,,,Yes,WGS,,,,,,,,,,,,,,,
RC745,TC0431::TnxL2/tetR-745,Chimeras,,,Chimera,Chimera,Archived,Bob Suchland,,,,,,,,,,L2/tet9 parent,,,,,,,,Yes,WGS,,,,,,,,,,,,,,,
RC768,TC0431::TnxL2/tetR-768,Chimeras,,,Chimera,Chimera,Archived,Bob Suchland,,,,,,,,,,L2/tet9 parent,,,,,,,,Yes,WGS,,,,,,,,,,,,,,,
RC8001,KU2043c259-8001,Chimeras,,,Chimera,Chimera,Archived,Bob Suchland,,,,,,,,,,RC259 parent,,,,,,,,Yes,WGS,,,,,,,,,,,,,,,
RC8014,KU2043c259-8014,Chimeras,,,Chimera,Chimera,Archived,Bob Suchland,,,,,,,,,,RC259 parent,,,,,,,,Yes,WGS,,,,,,,,,,,,,,,
RC813,TC0431::TnxL2/tetR-813,Chimeras,,,Chimera,Chimera,Archived,Bob Suchland,,,,,,,,,,L2/tet9 parent,,,,,,,,Yes,WGS,,,,,,,,,,,,,,,
RC821,TC0431::TnxL2/tetR-821,Chimeras,,,Chimera,Chimera,Archived,Bob Suchland,,,,,,,,,,L2/tet9 parent,,,,,,,,Yes,WGS,,,,,,,,,,,,,,,
RC826,TC0431::TnxL2/tetR-826,Chimeras,,,Chimera,Chimera,Archived,Bob Suchland,,,,,,,,,,L2/tet9 parent,,,,,,,,Yes,WGS,,,,,,,,,,,,,,,
RC831,TC0431::TnxL2/tetR-831,Chimeras,,,Chimera,Chimera,Archived,Bob Suchland,,,,,,,,,,L2/tet9 parent,,,,,,,,Yes,WGS,,,,,,,,,,,,,,,
RC836,TC0431::TnxL2/tetR-836,Chimeras,,,Chimera,Chimera,Archived,Bob Suchland,,,,,,,,,,L2/tet9 parent,,,,,,,,Yes,WGS,,,,,,,,,,,,,,,
RC881,TC0431::TnxL2/tetR-881,Chimeras,,,Chimera,Chimera,Archived,Bob Suchland,,,,,,,,,,L2/tet9 parent,,,,,,,,Yes,WGS,,,,,,,,,,,,,,,
RC9,TC0657::TnxL2/tetR-9,Chimeras,,,Chimera,Chimera,Archived,Bob Suchland,,,,,,,,,,L2/tet9 parent,,,,,,,,Yes,WGS,,,,,,,,,,,,,,,
YW069,CT∆incA(red),C. trachomatis,L2434,CTL0374,Deletion,Knockout mutant,Archived,Yibing Wang,,,,,pYW69,,,,,,tetR,1/1/24,2/1/24,11/2/24,4/1/24,,,Yes,PCR,Yes,Nonfusogenic inclusions,,,,,Yes,,,Yes,,,No,,
YW074,CT∆incA(FRT),C. trachomatis,L2434,CTL0374,Deletion,Knockout mutant,Archived,Yibing Wang,,,,,pYW74,,,,,,camR,1/1/24,2/1/24,11/2/24,4/1/24,,,Yes,WGS,Yes,Nonfusogenic inclusions,,,,,Yes,,,Yes,,,Yes,,
YW076,CM∆incA,C. muridarum,CM,TC0395,Deletion,Knockout mutant,In vivo testing,Yibing Wang,,Needs to go into mice,,,pYW76,,,,,,camR,1/1/24,2/1/24,3/1/24,5/1/24,,,Yes,PCR,Yes,Nonfusogenic inclusions,,,,,No,,,Yes,,,Yes,,
YW082,CT∆incDEFGA,C. trachomatis,L2434,"CTL0370, CTL0371, CTL0372, CTL0373, CTL0374",Deletion,Knockout mutant,Plaque cloning,Yibing Wang,,,,,pYW82,,,,,,camR,1/1/24,2/1/24,3/1/24,4/1/24,,,Yes,PCR,,,,,,,Yes,Plaque Cloning,,Yes,,,Yes,,
YW084,CT∆cdsZ,C. trachomatis,L2434,CTL0655,Deletion,Knockout mutant,Plaque cloning,Yibing Wang,,,,,pYW84,,,,,,camR,1/1/24,2/1/24,3/1/24,4/1/24,,,Yes,PCR,,,,,,,Yes,Plaque Cloning,,Yes,,,Yes,,
YW085,CT∆pmpE,C. trachomatis,L2434,CTL0248,Deletion,Knockout mutant,In vitro testing,Yibing Wang,,,,,pYW85,,,,,,camR,1/1/24,2/1/24,3/1/24,4/1/24,,,Yes,PCR,,,,,,,Yes,,,Yes,,,Yes,,
YW086,CT∆pmpE(b),C. trachomatis,L2434,CTL0248,Deletion,Knockout mutant,Archived,Yibing Wang,,500 bp flanking used,,,pYW86,,,,,,camR,1/1/24,2/1/24,3/1/24,4/1/24,,,Yes,PCR,,,,,,,Yes,,,Yes,,,Yes,,
YW089,CT∆cdu1cdu2,C. trachomatis,L2434,"CTL0246, CTL0247",Deletion,Knockout mutant,Archived,Yibing Wang,,,,,pYW89,,,,,,camR,1/1/24,2/1/24,3/1/24,4/1/24,,,Yes,PCR,,,,,,,Yes,,,Yes,,,Yes,,
YW090,CT∆CTL0474-81,C. trachomatis,L2434,"CTL0474, CTL0475, CTL0476, CTL0477, CTL0478, CTL0479, CTL0480, CTL0481",Deletion,Knockout mutant,Plaque cloning,Yibing Wang,,,,,pYW90,,,,,,camR,1/1/24,2/1/24,3/1/24,12/4/23,,,Yes,PCR,,,,,,,,,,Yes,,,No,,
YW096,CM∆pmpE,C. muridarum,CM,TC0426,Deletion,Knockout mutant,In vivo testing,Yibing Wang,,Test for GI/rectal phenotype in mice,,,pYW96,,,,,,camR,1/1/24,2/1/24,3/1/24,6/20/24,,,Yes,PCR,,,,,,,,,,Yes,,,No,,
YW097,CM∆ctx1-3,C. muridarum,CM,"TC0437, TC0438, TC0439",Deletion,Knockout mutant,In vivo testing,Yibing Wang,,Test for GI/rectal phenotype in mice,,,pYW97,,,,,,camR,1/1/24,2/1/24,3/1/24,12/26/23,,,Yes,PCR,,,,,,,,,,Yes,,,No,,
YW100,CT∆scc4,C. trachomatis,L2434,CTL0032,Deletion,Knockout mutant,In vitro testing,Yibing Wang,,,,,pYW100,,,,,,camR,1/1/24,2/1/24,3/1/24,6/20/24,,,Yes,PCR,,,,,,,,,,Yes,,,No,,
YW101,CM∆scc4,C. muridarum,CM,TC0034,Deletion,Knockout mutant,Transformation,Yibing Wang,,,,,pYW101,,,,,,camR,1/1/24,,,,,,,,,,,,,,,Transformation,Kevin,Yes,,,No,8/5/2025 15:56:44,Kevin Hybiske
YW102,CT∆scc1,C. trachomatis,L2434,CTL0343,Deletion,Knockout mutant,In vitro testing,Yibing Wang,,,,,pYW102,,,,,,camR,1/1/24,2/1/24,3/1/24,6/20/24,,,Yes,PCR,,,,,,,,,,Yes,,,No,,
YW109,CT∆CTL0389garD,C. trachomatis,L2434,"CTL0389, CTL0390",Deletion,Knockout mutant,In vitro testing,Yibing Wang,,,,,pYW109,,,,,,camR,1/1/24,2/1/24,11/15/24,7/1/25,,,Yes,PCR,,,,,,,,,Hannah Kim,Yes,,,No,,
YW110,CM∆TC0411-12,C. muridarum,CM,"TC0411, TC0412",Deletion,Knockout mutant,In vitro testing,Yibing Wang,,Needs to go into mice ASAP!,,Yes,pYW110,,,,,,camR,1/1/24,2/1/24,3/1/24,12/31/24,,,Yes,PCR,,,,,,,,,,Yes,,,No,,
YW111,CT∆mrcA,C. trachomatis,L2434,CTL0356,Deletion,Knockout mutant,In vitro testing,Yibing Wang,,,,,pYW111,,,,,,camR,1/1/24,2/1/24,7/3/25,7/7/25,,,Yes,PCR,,,,,,,,,,Yes,,,No,,
YW112,CM∆mrcA,C. muridarum,CM,TC0377,Deletion,Knockout mutant,Transformation,Yibing Wang,,Yibing tried numerous times,,,pYW112,,,,,,camR,1/1/24,,,,,,,,,,,,,,,Transformation,Kevin,Yes,,,No,8/5/2025 15:56:22,Kevin Hybiske
YW113,CT∆macP,C. trachomatis,L2434,CTL0408,Deletion,Knockout mutant,In vitro testing,Yibing Wang,,,,,pYW113,,,,,,camR,1/1/24,2/1/24,5/1/25,7/2/25,,,Yes,PCR,,,,,,,,,,Yes,,,No,,
YW114,CM∆macP,C. muridarum,CM,TC0431,Deletion,Knockout mutant,Transformation,Yibing Wang,,,,,pYW114,,,,,,camR,1/1/24,,,,,,,,,,,,,,,Transformation,Kevin,Yes,,,No,8/5/2025 15:55:52,Kevin Hybiske
KH001,CT∆CTL0397-399,C. trachomatis,L2434,"CTL0397, CTL0398, CTL0399",Deletion,Knockout mutant,Transformation,Kevin Hybiske,,"1st attempt seemed failed to make ""true"" recombinants (lots of ABs out to P3)",,,pKH001,,,,,,camR,2024-06-13,,,,,,,,,,,,,,,,Kevin,Yes,UW (Kevin),,No,7/30/2025 12:47:59,Kevin Hybiske